tool_name,table_name,read_fields,write_fields,load_strategy,load_condition
accounts-payable,bill_items,"[{""strategy"":""on_tool_mount"",""fields"":""*""}]",*,on_tool_mount,
accounts-payable,bills,"[{""strategy"":""on_tool_mount"",""fields"":""*""}]",*,on_tool_mount,
accounts-payable,customer_groups,"[{""strategy"":""on_tool_mount"",""fields"":""*""}]",*,on_tool_mount,
accounts-payable,customers,"[{""strategy"":""on_tool_mount"",""fields"":""*""}]",*,on_tool_mount,
accounts-payable,language_settings_accounting,"[{""strategy"":""on_tool_mount"",""fields"":""*""}]",*,on_tool_mount,
accounts-payable,quotes,"[{""strategy"":""on_tool_mount"",""fields"":""*""}]",*,on_tool_mount,
accounts-receivable,bill_items,"[{""strategy"":""on_tool_mount"",""fields"":""*""}]",*,on_tool_mount,
accounts-receivable,bills,"[{""strategy"":""on_tool_mount"",""fields"":""*""}]",*,on_tool_mount,
accounts-receivable,customer_groups,"[{""strategy"":""on_tool_mount"",""fields"":""*""}]",*,on_tool_mount,
accounts-receivable,customers,"[{""strategy"":""on_tool_mount"",""fields"":""*""}]",*,on_tool_mount,
accounts-receivable,language_settings_accounting,"[{""strategy"":""on_tool_mount"",""fields"":""*""}]",*,on_tool_mount,
accounts-receivable,quotes,"[{""strategy"":""on_tool_mount"",""fields"":""*""}]",*,on_tool_mount,
ai-task-management,customers,"[{""strategy"":""on_tool_mount"",""fields"":""*""}]",*,on_tool_mount,
ai-task-management,email_accounts,"[{""strategy"":""on_tool_mount"",""fields"":""*""}]",*,on_tool_mount,
ai-task-management,email_attachments,"[{""strategy"":""on_tool_mount"",""fields"":""*""}]",*,on_tool_mount,
ai-task-management,emails,"[{""strategy"":""on_tool_mount"",""fields"":""*""}]",*,on_tool_mount,
ai-task-management,language_settings_ai_task_management,"[{""strategy"":""on_tool_mount"",""fields"":""*""}]",*,on_tool_mount,
ai-task-management,quote_tasks,"[{""strategy"":""on_tool_mount"",""fields"":""*""}]",*,on_tool_mount,
ai-task-management,quotes,"[{""strategy"":""on_tool_mount"",""fields"":""*""}]",*,on_tool_mount,
ai-task-management,task_master,"[{""strategy"":""on_tool_mount"",""fields"":""*""}]",*,on_tool_mount,
ai-task-management,users,"[{""strategy"":""on_tool_mount"",""fields"":""*""}]",*,on_tool_mount,
ai-task-management,work_session_quotes,"[{""strategy"":""on_tool_mount"",""fields"":""*""}]",*,on_tool_mount,
ai-task-management,work_sessions,"[{""strategy"":""on_tool_mount"",""fields"":""*""}]",*,on_tool_mount,
app-manager,language_settings_app_management,"[{""strategy"":""on_tool_mount"",""fields"":""*""}]",*,on_tool_mount,
app-manager,language_settings_common,"[{""strategy"":""on_tool_mount"",""fields"":""*""}]",*,on_tool_mount,
app-manager,mobile_tool_mappings,"[{""strategy"":""on_tool_mount"",""fields"":""*""}]",*,on_tool_mount,
app-manager,modules_core,"[{""strategy"":""on_tool_mount"",""fields"":""*""}]",*,on_tool_mount,
architecture-designer,language_settings_architecture,"[{""strategy"":""on_tool_mount"",""fields"":""*""}]",*,on_tool_mount,
architecture-designer,language_settings_common,"[{""strategy"":""on_tool_mount"",""fields"":""*""}]",*,on_tool_mount,
backup-manager,language_settings_backup_manager,"[{""strategy"":""on_tool_mount"",""fields"":""*""}]",*,on_tool_mount,
backup-manager,language_settings_common,"[{""strategy"":""on_tool_mount"",""fields"":""*""}]",*,on_tool_mount,
backup-manager,settings,"[{""strategy"":""on_tool_mount"",""fields"":""*""}]",*,on_tool_mount,
calculation-logic-manager,additional_options,"[{""strategy"":""on_tool_mount"",""fields"":""*""}]",*,on_tool_mount,
calculation-logic-manager,additional_print_costs_by_location,"[{""strategy"":""on_tool_mount"",""fields"":""*""}]",*,on_tool_mount,
calculation-logic-manager,additional_print_costs_by_size,"[{""strategy"":""on_tool_mount"",""fields"":""*""}]",*,on_tool_mount,
calculation-logic-manager,additional_print_costs_by_tag,"[{""strategy"":""on_tool_mount"",""fields"":""*""}]",*,on_tool_mount,
calculation-logic-manager,behavior_settings,"[{""strategy"":""on_tool_mount"",""fields"":""*""}]",*,on_tool_mount,
calculation-logic-manager,brands,"[{""strategy"":""on_tool_mount"",""fields"":""*""}]",*,on_tool_mount,
calculation-logic-manager,categories,"[{""strategy"":""on_tool_mount"",""fields"":""*""}]",*,on_tool_mount,
calculation-logic-manager,category_print_locations,"[{""strategy"":""on_tool_mount"",""fields"":""*""}]",*,on_tool_mount,
calculation-logic-manager,color_settings,"[{""strategy"":""on_tool_mount"",""fields"":""*""}]",*,on_tool_mount,
calculation-logic-manager,company_info,"[{""strategy"":""on_tool_mount"",""fields"":""*""}]",*,on_tool_mount,
calculation-logic-manager,customer_groups,"[{""strategy"":""on_tool_mount"",""fields"":""*""}]",*,on_tool_mount,
calculation-logic-manager,customers,"[{""strategy"":""on_tool_mount"",""fields"":""*""}]",*,on_tool_mount,
calculation-logic-manager,dtf_consumables,"[{""strategy"":""on_tool_mount"",""fields"":""*""}]",*,on_tool_mount,
calculation-logic-manager,dtf_electricity_rates,"[{""strategy"":""on_tool_mount"",""fields"":""*""}]",*,on_tool_mount,
calculation-logic-manager,dtf_equipment,"[{""strategy"":""on_tool_mount"",""fields"":""*""}]",*,on_tool_mount,
calculation-logic-manager,dtf_labor_costs,"[{""strategy"":""on_tool_mount"",""fields"":""*""}]",*,on_tool_mount,
calculation-logic-manager,dtf_press_time_costs,"[{""strategy"":""on_tool_mount"",""fields"":""*""}]",*,on_tool_mount,
calculation-logic-manager,dtf_print_speeds,"[{""strategy"":""on_tool_mount"",""fields"":""*""}]",*,on_tool_mount,
calculation-logic-manager,dtf_printers,"[{""strategy"":""on_tool_mount"",""fields"":""*""}]",*,on_tool_mount,
calculation-logic-manager,free_input_item_types,"[{""strategy"":""on_tool_mount"",""fields"":""*""}]",*,on_tool_mount,
calculation-logic-manager,language_settings_calculation_logic_manager,"[{""strategy"":""on_tool_mount"",""fields"":""*""}]",*,on_tool_mount,
calculation-logic-manager,language_settings_common,"[{""strategy"":""on_tool_mount"",""fields"":""*""}]",*,on_tool_mount,
calculation-logic-manager,language_settings_estimator_settings,"[{""strategy"":""on_tool_mount"",""fields"":""*""}]",*,on_tool_mount,
calculation-logic-manager,layout_settings,"[{""strategy"":""on_tool_mount"",""fields"":""*""}]",*,on_tool_mount,
calculation-logic-manager,manufacturers,"[{""strategy"":""on_tool_mount"",""fields"":""*""}]",*,on_tool_mount,
calculation-logic-manager,partner_codes,"[{""strategy"":""on_tool_mount"",""fields"":""*""}]",*,on_tool_mount,
calculation-logic-manager,payment_methods,"[{""strategy"":""on_tool_mount"",""fields"":""*""}]",*,on_tool_mount,
calculation-logic-manager,pdf_item_display_configs,"[{""strategy"":""on_tool_mount"",""fields"":""*""}]",*,on_tool_mount,
calculation-logic-manager,pdf_templates,"[{""strategy"":""on_tool_mount"",""fields"":""*""}]",*,on_tool_mount,
calculation-logic-manager,plate_cost_combination,"[{""strategy"":""on_tool_mount"",""fields"":""*""}]",*,on_tool_mount,
calculation-logic-manager,plate_costs,"[{""strategy"":""on_tool_mount"",""fields"":""*""}]",*,on_tool_mount,
calculation-logic-manager,prefectures,"[{""strategy"":""on_tool_mount"",""fields"":""*""}]",*,on_tool_mount,
calculation-logic-manager,pricing_assignments,"[{""strategy"":""on_tool_mount"",""fields"":""*""}]",*,on_tool_mount,
calculation-logic-manager,pricing_rules,"[{""strategy"":""on_tool_mount"",""fields"":""*""}]",*,on_tool_mount,
calculation-logic-manager,print_cost_combination,"[{""strategy"":""on_tool_mount"",""fields"":""*""}]",*,on_tool_mount,
calculation-logic-manager,print_locations,"[{""strategy"":""on_tool_mount"",""fields"":""*""}]",*,on_tool_mount,
calculation-logic-manager,print_pricing_tiers,"[{""strategy"":""on_tool_mount"",""fields"":""*""}]",*,on_tool_mount,
calculation-logic-manager,print_size_constraints,"[{""strategy"":""on_tool_mount"",""fields"":""*""}]",*,on_tool_mount,
calculation-logic-manager,quote_designs,"[{""strategy"":""on_tool_mount"",""fields"":""*""}]",*,on_tool_mount,
calculation-logic-manager,quote_items,"[{""strategy"":""on_tool_mount"",""fields"":""*""}]",*,on_tool_mount,
calculation-logic-manager,quotes,"[{""strategy"":""on_tool_mount"",""fields"":""*""}]",*,on_tool_mount,
calculation-logic-manager,settings,"[{""strategy"":""on_tool_mount"",""fields"":""*""}]",*,on_tool_mount,
calculation-logic-manager,shipping_costs,"[{""strategy"":""on_tool_mount"",""fields"":""*""}]",*,on_tool_mount,
calculation-logic-manager,special_ink_costs,"[{""strategy"":""on_tool_mount"",""fields"":""*""}]",*,on_tool_mount,
calculation-logic-manager,tags,"[{""strategy"":""on_tool_mount"",""fields"":""*""}]",*,on_tool_mount,
calculation-logic-manager,volume_discount_schedules,"[{""strategy"":""on_tool_mount"",""fields"":""*""}]",*,on_tool_mount,
cash-flow-analysis,bills,"[{""strategy"":""on_tool_mount"",""fields"":""*""}]",*,on_tool_mount,
cash-flow-analysis,customer_groups,"[{""strategy"":""on_tool_mount"",""fields"":""*""}]",*,on_tool_mount,
cash-flow-analysis,customers,"[{""strategy"":""on_tool_mount"",""fields"":""*""}]",*,on_tool_mount,
cash-flow-analysis,language_settings_accounting,"[{""strategy"":""on_tool_mount"",""fields"":""*""}]",*,on_tool_mount,
cash-flow-analysis,quotes,"[{""strategy"":""on_tool_mount"",""fields"":""*""}]",*,on_tool_mount,
color-library-manager,color_libraries,"[{""strategy"":""on_tool_mount"",""fields"":""*""}]",*,on_tool_mount,
color-library-manager,color_library_types,"[{""strategy"":""on_tool_mount"",""fields"":""*""}]",*,on_tool_mount,
color-library-manager,dic_colors,"[{""strategy"":""on_tool_mount"",""fields"":""*""}]",*,on_tool_mount,
color-library-manager,language_settings_color_library_manager,"[{""strategy"":""on_tool_mount"",""fields"":""*""}]",*,on_tool_mount,
color-library-manager,language_settings_common,"[{""strategy"":""on_tool_mount"",""fields"":""*""}]",*,on_tool_mount,
color-library-manager,pantone_colors,"[{""strategy"":""on_tool_mount"",""fields"":""*""}]",*,on_tool_mount,
customer-management,customer_groups,"[{""strategy"":""on_tool_mount"",""fields"":""*""}]",*,on_tool_mount,
customer-management,customers,"[{""strategy"":""on_tool_mount"",""fields"":""*""}]",*,on_tool_mount,
customer-management,pagination_settings,"[{""strategy"":""on_tool_mount"",""fields"":""*""}]",*,on_tool_mount,
customer-management,prefectures,"[{""strategy"":""on_tool_mount"",""fields"":""*""}]",*,on_tool_mount,
customer-management,quotes,"[{""strategy"":""on_tool_mount"",""fields"":""*""}]",*,on_tool_mount,
data-io,additional_options,"[{""strategy"":""on_tool_mount"",""fields"":""*""}]",*,on_tool_mount,
data-io,additional_print_costs_by_location,"[{""strategy"":""on_tool_mount"",""fields"":""*""}]",*,on_tool_mount,
data-io,additional_print_costs_by_size,"[{""strategy"":""on_tool_mount"",""fields"":""*""}]",*,on_tool_mount,
data-io,additional_print_costs_by_tag,"[{""strategy"":""on_tool_mount"",""fields"":""*""}]",*,on_tool_mount,
data-io,app_logs,"[{""strategy"":""on_tool_mount"",""fields"":""*""}]",*,on_tool_mount,
data-io,brands,"[{""strategy"":""on_tool_mount"",""fields"":""*""}]",*,on_tool_mount,
data-io,categories,"[{""strategy"":""on_tool_mount"",""fields"":""*""}]",*,on_tool_mount,
data-io,category_pricing_schedules,"[{""strategy"":""on_tool_mount"",""fields"":""*""}]",*,on_tool_mount,
data-io,category_print_locations,"[{""strategy"":""on_tool_mount"",""fields"":""*""}]",*,on_tool_mount,
data-io,company_info,"[{""strategy"":""on_tool_mount"",""fields"":""*""}]",*,on_tool_mount,
data-io,customer_groups,"[{""strategy"":""on_tool_mount"",""fields"":""*""}]",*,on_tool_mount,
data-io,customers,"[{""strategy"":""on_tool_mount"",""fields"":""*""}]",*,on_tool_mount,
data-io,data_confirmation_status_master,"[{""strategy"":""on_tool_mount"",""fields"":""*""}]",*,on_tool_mount,
data-io,dic_colors,"[{""strategy"":""on_tool_mount"",""fields"":""*""}]",*,on_tool_mount,
data-io,dtf_consumables,"[{""strategy"":""on_tool_mount"",""fields"":""*""}]",*,on_tool_mount,
data-io,dtf_electricity_rates,"[{""strategy"":""on_tool_mount"",""fields"":""*""}]",*,on_tool_mount,
data-io,dtf_equipment,"[{""strategy"":""on_tool_mount"",""fields"":""*""}]",*,on_tool_mount,
data-io,dtf_labor_costs,"[{""strategy"":""on_tool_mount"",""fields"":""*""}]",*,on_tool_mount,
data-io,dtf_press_time_costs,"[{""strategy"":""on_tool_mount"",""fields"":""*""}]",*,on_tool_mount,
data-io,filename_rule_presets,"[{""strategy"":""on_tool_mount"",""fields"":""*""}]",*,on_tool_mount,
data-io,gallery_images,"[{""strategy"":""on_tool_mount"",""fields"":""*""}]",*,on_tool_mount,
data-io,gallery_tags,"[{""strategy"":""on_tool_mount"",""fields"":""*""}]",*,on_tool_mount,
data-io,id_formats,"[{""strategy"":""on_tool_mount"",""fields"":""*""}]",*,on_tool_mount,
data-io,ink_manufacturers,"[{""strategy"":""on_tool_mount"",""fields"":""*""}]",*,on_tool_mount,
data-io,ink_products,"[{""strategy"":""on_tool_mount"",""fields"":""*""}]",*,on_tool_mount,
data-io,ink_recipe_components,"[{""strategy"":""on_tool_mount"",""fields"":""*""}]",*,on_tool_mount,
data-io,ink_recipe_usage,"[{""strategy"":""on_tool_mount"",""fields"":""*""}]",*,on_tool_mount,
data-io,ink_recipes,"[{""strategy"":""on_tool_mount"",""fields"":""*""}]",*,on_tool_mount,
data-io,ink_series,"[{""strategy"":""on_tool_mount"",""fields"":""*""}]",*,on_tool_mount,
data-io,invoice_parsing_templates,"[{""strategy"":""on_tool_mount"",""fields"":""*""}]",*,on_tool_mount,
data-io,language_settings_common,"[{""strategy"":""on_tool_mount"",""fields"":""*""}]",*,on_tool_mount,
data-io,language_settings_data_io,"[{""strategy"":""on_tool_mount"",""fields"":""*""}]",*,on_tool_mount,
data-io,manufacturers,"[{""strategy"":""on_tool_mount"",""fields"":""*""}]",*,on_tool_mount,
data-io,pantone_colors,"[{""strategy"":""on_tool_mount"",""fields"":""*""}]",*,on_tool_mount,
data-io,partner_codes,"[{""strategy"":""on_tool_mount"",""fields"":""*""}]",*,on_tool_mount,
data-io,payment_status_master,"[{""strategy"":""on_tool_mount"",""fields"":""*""}]",*,on_tool_mount,
data-io,pdf_preview_zoom_configs,"[{""strategy"":""on_tool_mount"",""fields"":""*""}]",*,on_tool_mount,
data-io,pdf_templates,"[{""strategy"":""on_tool_mount"",""fields"":""*""}]",*,on_tool_mount,
data-io,plate_cost_combination,"[{""strategy"":""on_tool_mount"",""fields"":""*""}]",*,on_tool_mount,
data-io,plate_costs,"[{""strategy"":""on_tool_mount"",""fields"":""*""}]",*,on_tool_mount,
data-io,prefectures,"[{""strategy"":""on_tool_mount"",""fields"":""*""}]",*,on_tool_mount,
data-io,pricing_assignments,"[{""strategy"":""on_tool_mount"",""fields"":""*""}]",*,on_tool_mount,
data-io,pricing_rules,"[{""strategy"":""on_tool_mount"",""fields"":""*""}]",*,on_tool_mount,
data-io,print_cost_combination,"[{""strategy"":""on_tool_mount"",""fields"":""*""}]",*,on_tool_mount,
data-io,print_history,"[{""strategy"":""on_tool_mount"",""fields"":""*""}]",*,on_tool_mount,
data-io,print_history_images,"[{""strategy"":""on_tool_mount"",""fields"":""*""}]",*,on_tool_mount,
data-io,print_history_positions,"[{""strategy"":""on_tool_mount"",""fields"":""*""}]",*,on_tool_mount,
data-io,print_locations,"[{""strategy"":""on_tool_mount"",""fields"":""*""}]",*,on_tool_mount,
data-io,print_pricing_schedules,"[{""strategy"":""on_tool_mount"",""fields"":""*""}]",*,on_tool_mount,
data-io,print_pricing_tiers,"[{""strategy"":""on_tool_mount"",""fields"":""*""}]",*,on_tool_mount,
data-io,print_size_constraints,"[{""strategy"":""on_tool_mount"",""fields"":""*""}]",*,on_tool_mount,
data-io,production_status_master,"[{""strategy"":""on_tool_mount"",""fields"":""*""}]",*,on_tool_mount,
data-io,quote_designs,"[{""strategy"":""on_tool_mount"",""fields"":""*""}]",*,on_tool_mount,
data-io,quote_history,"[{""strategy"":""on_tool_mount"",""fields"":""*""}]",*,on_tool_mount,
data-io,quote_items,"[{""strategy"":""on_tool_mount"",""fields"":""*""}]",*,on_tool_mount,
data-io,quote_status_master,"[{""strategy"":""on_tool_mount"",""fields"":""*""}]",*,on_tool_mount,
data-io,quote_tasks,"[{""strategy"":""on_tool_mount"",""fields"":""*""}]",*,on_tool_mount,
data-io,quotes,"[{""strategy"":""on_tool_mount"",""fields"":""*""}]",*,on_tool_mount,
data-io,role_permissions,"[{""strategy"":""on_tool_mount"",""fields"":""*""}]",*,on_tool_mount,
data-io,roles,"[{""strategy"":""on_tool_mount"",""fields"":""*""}]",*,on_tool_mount,
data-io,settings,"[{""strategy"":""on_tool_mount"",""fields"":""*""}]",*,on_tool_mount,
data-io,shipping_carriers,"[{""strategy"":""on_tool_mount"",""fields"":""*""}]",*,on_tool_mount,
data-io,shipping_costs,"[{""strategy"":""on_tool_mount"",""fields"":""*""}]",*,on_tool_mount,
data-io,shipping_status_master,"[{""strategy"":""on_tool_mount"",""fields"":""*""}]",*,on_tool_mount,
data-io,special_ink_costs,"[{""strategy"":""on_tool_mount"",""fields"":""*""}]",*,on_tool_mount,
data-io,sql_export_presets,"[{""strategy"":""on_tool_mount"",""fields"":""*""}]",*,on_tool_mount,
data-io,tags,"[{""strategy"":""on_tool_mount"",""fields"":""*""}]",*,on_tool_mount,
data-io,task_generation_rules,"[{""strategy"":""on_tool_mount"",""fields"":""*""}]",*,on_tool_mount,
data-io,task_master,"[{""strategy"":""on_tool_mount"",""fields"":""*""}]",*,on_tool_mount,
data-io,users,"[{""strategy"":""on_tool_mount"",""fields"":""*""}]",*,on_tool_mount,
data-io,volume_discount_schedules,"[{""strategy"":""on_tool_mount"",""fields"":""*""}]",*,on_tool_mount,
database-schema-manager,app_logs,"[{""strategy"":""on_tool_mount"",""fields"":""*""}]",*,on_tool_mount,
database-schema-manager,language_settings_common,"[{""strategy"":""on_tool_mount"",""fields"":""*""}]",*,on_tool_mount,
database-schema-manager,language_settings_database_schema_manager,"[{""strategy"":""on_tool_mount"",""fields"":""*""}]",*,on_tool_mount,
database-schema-manager,settings,"[{""strategy"":""on_tool_mount"",""fields"":""*""}]",*,on_tool_mount,
database-schema-manager,tool_dependencies,"[{""strategy"":""on_tool_mount"",""fields"":""*""}]",*,on_tool_mount,
database-schema-manager,tool_migrations,"[{""strategy"":""on_tool_mount"",""fields"":""*""}]",*,on_tool_mount,
dev-lock-manager,dev_locks,"[{""strategy"":""on_tool_mount"",""fields"":""*""}]",*,on_tool_mount,
dev-lock-manager,language_settings_common,"[{""strategy"":""on_tool_mount"",""fields"":""*""}]",*,on_tool_mount,
dev-lock-manager,language_settings_dev_lock_manager,"[{""strategy"":""on_tool_mount"",""fields"":""*""}]",*,on_tool_mount,
dev-management,dev_constitution,"[{""strategy"":""on_tool_mount"",""fields"":""*""}]",*,on_tool_mount,
dev-management,dev_guidelines_prohibited,"[{""strategy"":""on_tool_mount"",""fields"":""*""}]",*,on_tool_mount,
dev-management,dev_guidelines_recommended,"[{""strategy"":""on_tool_mount"",""fields"":""*""}]",*,on_tool_mount,
dev-management,dev_roadmap,"[{""strategy"":""on_tool_mount"",""fields"":""*""}]",*,on_tool_mount,
dev-management,language_settings_common,"[{""strategy"":""on_tool_mount"",""fields"":""*""}]",*,on_tool_mount,
dev-management,language_settings_dev_management,"[{""strategy"":""on_tool_mount"",""fields"":""*""}]",*,on_tool_mount,
dev-management,modules_core,"[{""strategy"":""on_tool_mount"",""fields"":""*""}]",*,on_tool_mount,
dev-tools,language_settings_common,"[{""strategy"":""on_tool_mount"",""fields"":""*""}]",*,on_tool_mount,
dev-tools,language_settings_dev_tools,"[{""strategy"":""on_tool_mount"",""fields"":""*""}]",*,on_tool_mount,
dev-tools,settings,"[{""strategy"":""on_tool_mount"",""fields"":""*""}]",*,on_tool_mount,
display-settings,behavior_settings,"[{""strategy"":""on_tool_mount"",""fields"":""*""}]",*,on_tool_mount,
display-settings,color_settings,"[{""strategy"":""on_tool_mount"",""fields"":""*""}]",*,on_tool_mount,
display-settings,google_fonts,"[{""strategy"":""on_tool_mount"",""fields"":""*""}]",*,on_tool_mount,
display-settings,icons,"[{""strategy"":""on_tool_mount"",""fields"":""*""}]",*,on_tool_mount,
display-settings,language_settings_common,"[{""strategy"":""on_tool_mount"",""fields"":""*""}]",*,on_tool_mount,
display-settings,language_settings_display_settings,"[{""strategy"":""on_tool_mount"",""fields"":""*""}]",*,on_tool_mount,
display-settings,layout_settings,"[{""strategy"":""on_tool_mount"",""fields"":""*""}]",*,on_tool_mount,
display-settings,pagination_settings,"[{""strategy"":""on_tool_mount"",""fields"":""*""}]",*,on_tool_mount,
display-settings,tool_visibility_settings,"[{""strategy"":""on_tool_mount"",""fields"":""*""}]",*,on_tool_mount,
dtf-cost-calculator,additional_options,"[{""strategy"":""on_tool_mount"",""fields"":""*""}]",*,on_tool_mount,
dtf-cost-calculator,additional_print_costs_by_location,"[{""strategy"":""on_tool_mount"",""fields"":""*""}]",*,on_tool_mount,
dtf-cost-calculator,additional_print_costs_by_size,"[{""strategy"":""on_tool_mount"",""fields"":""*""}]",*,on_tool_mount,
dtf-cost-calculator,additional_print_costs_by_tag,"[{""strategy"":""on_tool_mount"",""fields"":""*""}]",*,on_tool_mount,
dtf-cost-calculator,behavior_settings,"[{""strategy"":""on_tool_mount"",""fields"":""*""}]",*,on_tool_mount,
dtf-cost-calculator,brands,"[{""strategy"":""on_tool_mount"",""fields"":""*""}]",*,on_tool_mount,
dtf-cost-calculator,categories,"[{""strategy"":""on_tool_mount"",""fields"":""*""}]",*,on_tool_mount,
dtf-cost-calculator,category_print_locations,"[{""strategy"":""on_tool_mount"",""fields"":""*""}]",*,on_tool_mount,
dtf-cost-calculator,color_settings,"[{""strategy"":""on_tool_mount"",""fields"":""*""}]",*,on_tool_mount,
dtf-cost-calculator,company_info,"[{""strategy"":""on_tool_mount"",""fields"":""*""}]",*,on_tool_mount,
dtf-cost-calculator,customer_groups,"[{""strategy"":""on_tool_mount"",""fields"":""*""}]",*,on_tool_mount,
dtf-cost-calculator,customers,"[{""strategy"":""on_tool_mount"",""fields"":""*""}]",*,on_tool_mount,
dtf-cost-calculator,dtf_consumables,"[{""strategy"":""on_tool_mount"",""fields"":""*""}]",*,on_tool_mount,
dtf-cost-calculator,dtf_electricity_rates,"[{""strategy"":""on_tool_mount"",""fields"":""*""}]",*,on_tool_mount,
dtf-cost-calculator,dtf_equipment,"[{""strategy"":""on_tool_mount"",""fields"":""*""}]",*,on_tool_mount,
dtf-cost-calculator,dtf_labor_costs,"[{""strategy"":""on_tool_mount"",""fields"":""*""}]",*,on_tool_mount,
dtf-cost-calculator,dtf_press_time_costs,"[{""strategy"":""on_tool_mount"",""fields"":""*""}]",*,on_tool_mount,
dtf-cost-calculator,dtf_print_speeds,"[{""strategy"":""on_tool_mount"",""fields"":""*""}]",*,on_tool_mount,
dtf-cost-calculator,dtf_printers,"[{""strategy"":""on_tool_mount"",""fields"":""*""}]",*,on_tool_mount,
dtf-cost-calculator,free_input_item_types,"[{""strategy"":""on_tool_mount"",""fields"":""*""}]",*,on_tool_mount,
dtf-cost-calculator,language_settings_common,"[{""strategy"":""on_tool_mount"",""fields"":""*""}]",*,on_tool_mount,
dtf-cost-calculator,language_settings_dtf_cost_calculator,"[{""strategy"":""on_tool_mount"",""fields"":""*""}]",*,on_tool_mount,
dtf-cost-calculator,language_settings_estimator_settings,"[{""strategy"":""on_tool_mount"",""fields"":""*""}]",*,on_tool_mount,
dtf-cost-calculator,layout_settings,"[{""strategy"":""on_tool_mount"",""fields"":""*""}]",*,on_tool_mount,
dtf-cost-calculator,manufacturers,"[{""strategy"":""on_tool_mount"",""fields"":""*""}]",*,on_tool_mount,
dtf-cost-calculator,partner_codes,"[{""strategy"":""on_tool_mount"",""fields"":""*""}]",*,on_tool_mount,
dtf-cost-calculator,payment_methods,"[{""strategy"":""on_tool_mount"",""fields"":""*""}]",*,on_tool_mount,
dtf-cost-calculator,pdf_item_display_configs,"[{""strategy"":""on_tool_mount"",""fields"":""*""}]",*,on_tool_mount,
dtf-cost-calculator,pdf_templates,"[{""strategy"":""on_tool_mount"",""fields"":""*""}]",*,on_tool_mount,
dtf-cost-calculator,plate_cost_combination,"[{""strategy"":""on_tool_mount"",""fields"":""*""}]",*,on_tool_mount,
dtf-cost-calculator,plate_costs,"[{""strategy"":""on_tool_mount"",""fields"":""*""}]",*,on_tool_mount,
dtf-cost-calculator,prefectures,"[{""strategy"":""on_tool_mount"",""fields"":""*""}]",*,on_tool_mount,
dtf-cost-calculator,pricing_assignments,"[{""strategy"":""on_tool_mount"",""fields"":""*""}]",*,on_tool_mount,
dtf-cost-calculator,pricing_rules,"[{""strategy"":""on_tool_mount"",""fields"":""*""}]",*,on_tool_mount,
dtf-cost-calculator,print_cost_combination,"[{""strategy"":""on_tool_mount"",""fields"":""*""}]",*,on_tool_mount,
dtf-cost-calculator,print_locations,"[{""strategy"":""on_tool_mount"",""fields"":""*""}]",*,on_tool_mount,
dtf-cost-calculator,print_pricing_tiers,"[{""strategy"":""on_tool_mount"",""fields"":""*""}]",*,on_tool_mount,
dtf-cost-calculator,print_size_constraints,"[{""strategy"":""on_tool_mount"",""fields"":""*""}]",*,on_tool_mount,
dtf-cost-calculator,quote_designs,"[{""strategy"":""on_tool_mount"",""fields"":""*""}]",*,on_tool_mount,
dtf-cost-calculator,quote_items,"[{""strategy"":""on_tool_mount"",""fields"":""*""}]",*,on_tool_mount,
dtf-cost-calculator,quotes,"[{""strategy"":""on_tool_mount"",""fields"":""*""}]",*,on_tool_mount,
dtf-cost-calculator,settings,"[{""strategy"":""on_tool_mount"",""fields"":""*""}]",*,on_tool_mount,
dtf-cost-calculator,shipping_costs,"[{""strategy"":""on_tool_mount"",""fields"":""*""}]",*,on_tool_mount,
dtf-cost-calculator,special_ink_costs,"[{""strategy"":""on_tool_mount"",""fields"":""*""}]",*,on_tool_mount,
dtf-cost-calculator,tags,"[{""strategy"":""on_tool_mount"",""fields"":""*""}]",*,on_tool_mount,
dtf-cost-calculator,volume_discount_schedules,"[{""strategy"":""on_tool_mount"",""fields"":""*""}]",*,on_tool_mount,
dtf-logic-tool,additional_options,"[{""strategy"":""on_tool_mount"",""fields"":""*""}]",*,on_tool_mount,
dtf-logic-tool,additional_print_costs_by_location,"[{""strategy"":""on_tool_mount"",""fields"":""*""}]",*,on_tool_mount,
dtf-logic-tool,additional_print_costs_by_size,"[{""strategy"":""on_tool_mount"",""fields"":""*""}]",*,on_tool_mount,
dtf-logic-tool,additional_print_costs_by_tag,"[{""strategy"":""on_tool_mount"",""fields"":""*""}]",*,on_tool_mount,
dtf-logic-tool,behavior_settings,"[{""strategy"":""on_tool_mount"",""fields"":""*""}]",*,on_tool_mount,
dtf-logic-tool,brands,"[{""strategy"":""on_tool_mount"",""fields"":""*""}]",*,on_tool_mount,
dtf-logic-tool,categories,"[{""strategy"":""on_tool_mount"",""fields"":""*""}]",*,on_tool_mount,
dtf-logic-tool,category_print_locations,"[{""strategy"":""on_tool_mount"",""fields"":""*""}]",*,on_tool_mount,
dtf-logic-tool,color_settings,"[{""strategy"":""on_tool_mount"",""fields"":""*""}]",*,on_tool_mount,
dtf-logic-tool,company_info,"[{""strategy"":""on_tool_mount"",""fields"":""*""}]",*,on_tool_mount,
dtf-logic-tool,customer_groups,"[{""strategy"":""on_tool_mount"",""fields"":""*""}]",*,on_tool_mount,
dtf-logic-tool,customers,"[{""strategy"":""on_tool_mount"",""fields"":""*""}]",*,on_tool_mount,
dtf-logic-tool,dtf_consumables,"[{""strategy"":""on_tool_mount"",""fields"":""*""}]",*,on_tool_mount,
dtf-logic-tool,dtf_electricity_rates,"[{""strategy"":""on_tool_mount"",""fields"":""*""}]",*,on_tool_mount,
dtf-logic-tool,dtf_equipment,"[{""strategy"":""on_tool_mount"",""fields"":""*""}]",*,on_tool_mount,
dtf-logic-tool,dtf_labor_costs,"[{""strategy"":""on_tool_mount"",""fields"":""*""}]",*,on_tool_mount,
dtf-logic-tool,dtf_press_time_costs,"[{""strategy"":""on_tool_mount"",""fields"":""*""}]",*,on_tool_mount,
dtf-logic-tool,dtf_print_speeds,"[{""strategy"":""on_tool_mount"",""fields"":""*""}]",*,on_tool_mount,
dtf-logic-tool,dtf_printers,"[{""strategy"":""on_tool_mount"",""fields"":""*""}]",*,on_tool_mount,
dtf-logic-tool,free_input_item_types,"[{""strategy"":""on_tool_mount"",""fields"":""*""}]",*,on_tool_mount,
dtf-logic-tool,layout_settings,"[{""strategy"":""on_tool_mount"",""fields"":""*""}]",*,on_tool_mount,
dtf-logic-tool,manufacturers,"[{""strategy"":""on_tool_mount"",""fields"":""*""}]",*,on_tool_mount,
dtf-logic-tool,partner_codes,"[{""strategy"":""on_tool_mount"",""fields"":""*""}]",*,on_tool_mount,
dtf-logic-tool,payment_methods,"[{""strategy"":""on_tool_mount"",""fields"":""*""}]",*,on_tool_mount,
dtf-logic-tool,pdf_item_display_configs,"[{""strategy"":""on_tool_mount"",""fields"":""*""}]",*,on_tool_mount,
dtf-logic-tool,pdf_templates,"[{""strategy"":""on_tool_mount"",""fields"":""*""}]",*,on_tool_mount,
dtf-logic-tool,plate_cost_combination,"[{""strategy"":""on_tool_mount"",""fields"":""*""}]",*,on_tool_mount,
dtf-logic-tool,plate_costs,"[{""strategy"":""on_tool_mount"",""fields"":""*""}]",*,on_tool_mount,
dtf-logic-tool,prefectures,"[{""strategy"":""on_tool_mount"",""fields"":""*""}]",*,on_tool_mount,
dtf-logic-tool,pricing_assignments,"[{""strategy"":""on_tool_mount"",""fields"":""*""}]",*,on_tool_mount,
dtf-logic-tool,pricing_rules,"[{""strategy"":""on_tool_mount"",""fields"":""*""}]",*,on_tool_mount,
dtf-logic-tool,print_cost_combination,"[{""strategy"":""on_tool_mount"",""fields"":""*""}]",*,on_tool_mount,
dtf-logic-tool,print_locations,"[{""strategy"":""on_tool_mount"",""fields"":""*""}]",*,on_tool_mount,
dtf-logic-tool,print_pricing_tiers,"[{""strategy"":""on_tool_mount"",""fields"":""*""}]",*,on_tool_mount,
dtf-logic-tool,print_size_constraints,"[{""strategy"":""on_tool_mount"",""fields"":""*""}]",*,on_tool_mount,
dtf-logic-tool,quote_designs,"[{""strategy"":""on_tool_mount"",""fields"":""*""}]",*,on_tool_mount,
dtf-logic-tool,quote_items,"[{""strategy"":""on_tool_mount"",""fields"":""*""}]",*,on_tool_mount,
dtf-logic-tool,quotes,"[{""strategy"":""on_tool_mount"",""fields"":""*""}]",*,on_tool_mount,
dtf-logic-tool,settings,"[{""strategy"":""on_tool_mount"",""fields"":""*""}]",*,on_tool_mount,
dtf-logic-tool,shipping_costs,"[{""strategy"":""on_tool_mount"",""fields"":""*""}]",*,on_tool_mount,
dtf-logic-tool,special_ink_costs,"[{""strategy"":""on_tool_mount"",""fields"":""*""}]",*,on_tool_mount,
dtf-logic-tool,tags,"[{""strategy"":""on_tool_mount"",""fields"":""*""}]",*,on_tool_mount,
dtf-logic-tool,volume_discount_schedules,"[{""strategy"":""on_tool_mount"",""fields"":""*""}]",*,on_tool_mount,
email-settings,ai_settings,"[{""strategy"":""on_tool_mount"",""fields"":""*""}]",*,on_tool_mount,
email-settings,email_accounts,"[{""strategy"":""on_tool_mount"",""fields"":""*""}]",*,on_tool_mount,
email-settings,email_general_settings,"[{""strategy"":""on_tool_mount"",""fields"":""*""}]",*,on_tool_mount,
email-settings,email_label_ai_rules,"[{""strategy"":""on_tool_mount"",""fields"":""*""}]",*,on_tool_mount,
email-settings,email_labels,"[{""strategy"":""on_tool_mount"",""fields"":""*""}]",*,on_tool_mount,
email-settings,email_settings,"[{""strategy"":""on_tool_mount"",""fields"":""*""}]",*,on_tool_mount,
email-settings,email_templates,"[{""strategy"":""on_tool_mount"",""fields"":""*""}]",*,on_tool_mount,
email-settings,language_settings_common,"[{""strategy"":""on_tool_mount"",""fields"":""*""}]",*,on_tool_mount,
email-settings,language_settings_email_settings,"[{""strategy"":""on_tool_mount"",""fields"":""*""}]",*,on_tool_mount,
email-settings,languages,"[{""strategy"":""on_tool_mount"",""fields"":""*""}]",*,on_tool_mount,
email-settings,settings,"[{""strategy"":""on_tool_mount"",""fields"":""*""}]",*,on_tool_mount,
email-tool,customers,"[{""strategy"":""on_tool_mount"",""fields"":""*""}]",*,on_tool_mount,
email-tool,email_accounts,"[{""strategy"":""on_tool_mount"",""fields"":""*""}]",*,on_tool_mount,
email-tool,email_attachments,"[{""strategy"":""on_tool_mount"",""fields"":""*""}]",*,on_tool_mount,
email-tool,emails,"[{""strategy"":""on_tool_mount"",""fields"":""*""}]",*,on_tool_mount,
email-tool,quotes,"[{""strategy"":""on_tool_mount"",""fields"":""*""}]",*,on_tool_mount,
email-tool,task_master,"[{""strategy"":""on_tool_mount"",""fields"":""*""}]",*,on_tool_mount,
estimator,additional_options,"[{""strategy"":""on_tool_mount"",""fields"":""*""}]",*,on_tool_mount,
estimator,additional_print_costs_by_location,"[{""strategy"":""on_tool_mount"",""fields"":""*""}]",*,on_tool_mount,
estimator,additional_print_costs_by_size,"[{""strategy"":""on_tool_mount"",""fields"":""*""}]",*,on_tool_mount,
estimator,additional_print_costs_by_tag,"[{""strategy"":""on_tool_mount"",""fields"":""*""}]",*,on_tool_mount,
estimator,behavior_settings,"[{""strategy"":""on_tool_mount"",""fields"":""*""}]",*,on_tool_mount,
estimator,brands,"[{""strategy"":""on_tool_mount"",""fields"":""*""}]",*,on_tool_mount,
estimator,categories,"[{""strategy"":""on_tool_mount"",""fields"":""*""}]",*,on_tool_mount,
estimator,category_print_locations,"[{""strategy"":""on_tool_mount"",""fields"":""*""}]",*,on_tool_mount,
estimator,color_settings,"[{""strategy"":""on_tool_mount"",""fields"":""*""}]",*,on_tool_mount,
estimator,company_info,"[{""strategy"":""on_tool_mount"",""fields"":""*""}]",*,on_tool_mount,
estimator,customer_groups,"[{""strategy"":""on_tool_mount"",""fields"":""*""}]",*,on_tool_mount,
estimator,customers,"[{""strategy"":""on_tool_mount"",""fields"":""*""}]",*,on_tool_mount,
estimator,dtf_consumables,"[{""strategy"":""on_tool_mount"",""fields"":""*""}]",*,on_tool_mount,
estimator,dtf_electricity_rates,"[{""strategy"":""on_tool_mount"",""fields"":""*""}]",*,on_tool_mount,
estimator,dtf_equipment,"[{""strategy"":""on_tool_mount"",""fields"":""*""}]",*,on_tool_mount,
estimator,dtf_labor_costs,"[{""strategy"":""on_tool_mount"",""fields"":""*""}]",*,on_tool_mount,
estimator,dtf_press_time_costs,"[{""strategy"":""on_tool_mount"",""fields"":""*""}]",*,on_tool_mount,
estimator,dtf_print_speeds,"[{""strategy"":""on_tool_mount"",""fields"":""*""}]",*,on_tool_mount,
estimator,dtf_printers,"[{""strategy"":""on_tool_mount"",""fields"":""*""}]",*,on_tool_mount,
estimator,free_input_item_types,"[{""strategy"":""on_tool_mount"",""fields"":""*""}]",*,on_tool_mount,
estimator,language_settings_common,"[{""strategy"":""on_tool_mount"",""fields"":""*""}]",*,on_tool_mount,
estimator,language_settings_document,"[{""strategy"":""on_tool_mount"",""fields"":""*""}]",*,on_tool_mount,
estimator,language_settings_estimator_settings,"[{""strategy"":""on_tool_mount"",""fields"":""*""}]",*,on_tool_mount,
estimator,layout_settings,"[{""strategy"":""on_tool_mount"",""fields"":""*""}]",*,on_tool_mount,
estimator,manufacturers,"[{""strategy"":""on_tool_mount"",""fields"":""*""}]",*,on_tool_mount,
estimator,partner_codes,"[{""strategy"":""on_tool_mount"",""fields"":""*""}]",*,on_tool_mount,
estimator,payment_methods,"[{""strategy"":""on_tool_mount"",""fields"":""*""}]",*,on_tool_mount,
estimator,pdf_item_display_configs,"[{""strategy"":""on_tool_mount"",""fields"":""*""}]",*,on_tool_mount,
estimator,pdf_templates,"[{""strategy"":""on_tool_mount"",""fields"":""*""}]",*,on_tool_mount,
estimator,plate_cost_combination,"[{""strategy"":""on_tool_mount"",""fields"":""*""}]",*,on_tool_mount,
estimator,plate_costs,"[{""strategy"":""on_tool_mount"",""fields"":""*""}]",*,on_tool_mount,
estimator,prefectures,"[{""strategy"":""on_tool_mount"",""fields"":""*""}]",*,on_tool_mount,
estimator,pricing_assignments,"[{""strategy"":""on_tool_mount"",""fields"":""*""}]",*,on_tool_mount,
estimator,pricing_rules,"[{""strategy"":""on_tool_mount"",""fields"":""*""}]",*,on_tool_mount,
estimator,print_cost_combination,"[{""strategy"":""on_tool_mount"",""fields"":""*""}]",*,on_tool_mount,
estimator,print_locations,"[{""strategy"":""on_tool_mount"",""fields"":""*""}]",*,on_tool_mount,
estimator,print_pricing_tiers,"[{""strategy"":""on_tool_mount"",""fields"":""*""}]",*,on_tool_mount,
estimator,print_size_constraints,"[{""strategy"":""on_tool_mount"",""fields"":""*""}]",*,on_tool_mount,
estimator,quote_designs,"[{""strategy"":""on_tool_mount"",""fields"":""*""}]",*,on_tool_mount,
estimator,quote_items,"[{""strategy"":""on_tool_mount"",""fields"":""*""}]",*,on_tool_mount,
estimator,quotes,"[{""strategy"":""on_tool_mount"",""fields"":""*""}]",*,on_tool_mount,
estimator,settings,"[{""strategy"":""on_tool_mount"",""fields"":""*""}]",*,on_tool_mount,
estimator,shipping_costs,"[{""strategy"":""on_tool_mount"",""fields"":""*""}]",*,on_tool_mount,
estimator,size_order_master,"[{""strategy"":""on_tool_mount"",""fields"":""*""}]",*,on_tool_mount,
estimator,special_ink_costs,"[{""strategy"":""on_tool_mount"",""fields"":""*""}]",*,on_tool_mount,
estimator,tags,"[{""strategy"":""on_tool_mount"",""fields"":""*""}]",*,on_tool_mount,
estimator,volume_discount_schedules,"[{""strategy"":""on_tool_mount"",""fields"":""*""}]",*,on_tool_mount,
estimator-settings,language_settings_common,"[{""strategy"":""on_tool_mount"",""fields"":""*""}]",*,on_tool_mount,
estimator-settings,language_settings_estimator_settings,"[{""strategy"":""on_tool_mount"",""fields"":""*""}]",*,on_tool_mount,
estimator-settings,settings,"[{""strategy"":""on_tool_mount"",""fields"":""*""}]",*,on_tool_mount,
estimator-v2,additional_options,"[{strategy:on_tool_mount,fields:*}]",*,on_tool_mount,
estimator-v2,additional_print_costs_by_location,"[{strategy:on_tool_mount,fields:*}]",*,on_tool_mount,
estimator-v2,additional_print_costs_by_size,"[{strategy:on_tool_mount,fields:*}]",*,on_tool_mount,
estimator-v2,additional_print_costs_by_tag,"[{strategy:on_tool_mount,fields:*}]",*,on_tool_mount,
estimator-v2,behavior_settings,"[{strategy:on_tool_mount,fields:*}]",*,on_tool_mount,
estimator-v2,brands,"[{strategy:on_tool_mount,fields:*}]",*,on_tool_mount,
estimator-v2,categories,"[{strategy:on_tool_mount,fields:*}]",*,on_tool_mount,
estimator-v2,category_print_locations,"[{strategy:on_tool_mount,fields:*}]",*,on_tool_mount,
estimator-v2,color_settings,"[{strategy:on_tool_mount,fields:*}]",*,on_tool_mount,
estimator-v2,company_info,"[{strategy:on_tool_mount,fields:*}]",*,on_tool_mount,
estimator-v2,customer_groups,"[{strategy:on_tool_mount,fields:*}]",*,on_tool_mount,
estimator-v2,customers,"[{strategy:on_tool_mount,fields:*}]",*,on_tool_mount,
estimator-v2,dtf_consumables,"[{strategy:on_tool_mount,fields:*}]",*,on_tool_mount,
estimator-v2,dtf_electricity_rates,"[{strategy:on_tool_mount,fields:*}]",*,on_tool_mount,
estimator-v2,dtf_equipment,"[{strategy:on_tool_mount,fields:*}]",*,on_tool_mount,
estimator-v2,dtf_labor_costs,"[{strategy:on_tool_mount,fields:*}]",*,on_tool_mount,
estimator-v2,dtf_press_time_costs,"[{strategy:on_tool_mount,fields:*}]",*,on_tool_mount,
estimator-v2,dtf_print_speeds,"[{strategy:on_tool_mount,fields:*}]",*,on_tool_mount,
estimator-v2,dtf_printers,"[{strategy:on_tool_mount,fields:*}]",*,on_tool_mount,
estimator-v2,free_input_item_types,"[{strategy:on_tool_mount,fields:*}]",*,on_tool_mount,
estimator-v2,layout_settings,"[{strategy:on_tool_mount,fields:*}]",*,on_tool_mount,
estimator-v2,manufacturers,"[{strategy:on_tool_mount,fields:*}]",*,on_tool_mount,
estimator-v2,partner_codes,"[{strategy:on_tool_mount,fields:*}]",*,on_tool_mount,
estimator-v2,payment_methods,"[{strategy:on_tool_mount,fields:*}]",*,on_tool_mount,
estimator-v2,pdf_item_display_configs,"[{strategy:on_tool_mount,fields:*}]",*,on_tool_mount,
estimator-v2,pdf_templates,"[{strategy:on_tool_mount,fields:*}]",*,on_tool_mount,
estimator-v2,plate_cost_combination,"[{strategy:on_tool_mount,fields:*}]",*,on_tool_mount,
estimator-v2,plate_costs,"[{strategy:on_tool_mount,fields:*}]",*,on_tool_mount,
estimator-v2,prefectures,"[{strategy:on_tool_mount,fields:*}]",*,on_tool_mount,
estimator-v2,pricing_assignments,"[{strategy:on_tool_mount,fields:*}]",*,on_tool_mount,
estimator-v2,pricing_rules,"[{strategy:on_tool_mount,fields:*}]",*,on_tool_mount,
estimator-v2,print_cost_combination,"[{strategy:on_tool_mount,fields:*}]",*,on_tool_mount,
estimator-v2,print_locations,"[{strategy:on_tool_mount,fields:*}]",*,on_tool_mount,
estimator-v2,print_pricing_tiers,"[{strategy:on_tool_mount,fields:*}]",*,on_tool_mount,
estimator-v2,print_size_constraints,"[{strategy:on_tool_mount,fields:*}]",*,on_tool_mount,
estimator-v2,quote_designs,"[{strategy:on_tool_mount,fields:*}]",*,on_tool_mount,
estimator-v2,quote_items,"[{strategy:on_tool_mount,fields:*}]",*,on_tool_mount,
estimator-v2,quotes,"[{strategy:on_tool_mount,fields:*}]",*,on_tool_mount,
estimator-v2,settings,"[{strategy:on_tool_mount,fields:*}]",*,on_tool_mount,
estimator-v2,shipping_costs,"[{strategy:on_tool_mount,fields:*}]",*,on_tool_mount,
estimator-v2,special_ink_costs,"[{strategy:on_tool_mount,fields:*}]",*,on_tool_mount,
estimator-v2,tags,"[{strategy:on_tool_mount,fields:*}]",*,on_tool_mount,
estimator-v2,volume_discount_schedules,"[{strategy:on_tool_mount,fields:*}]",*,on_tool_mount,
google-api-settings,ai_settings,"[{""strategy"":""on_tool_mount"",""fields"":""*""}]",*,on_tool_mount,
google-api-settings,email_accounts,"[{""strategy"":""on_tool_mount"",""fields"":""*""}]",*,on_tool_mount,
google-api-settings,gemini_models,"[{""strategy"":""on_tool_mount"",""fields"":""*""}]",*,on_tool_mount,
google-api-settings,google_api_settings,"[{""strategy"":""on_tool_mount"",""fields"":""*""}]",*,on_tool_mount,
google-api-settings,language_settings_common,"[{""strategy"":""on_tool_mount"",""fields"":""*""}]",*,on_tool_mount,
google-api-settings,language_settings_google_api_settings,"[{""strategy"":""on_tool_mount"",""fields"":""*""}]",*,on_tool_mount,
hub,language_settings_common,"[{""strategy"":""on_tool_mount"",""fields"":""*""}]",*,on_tool_mount,
hub,language_settings_hub,"[{""strategy"":""on_tool_mount"",""fields"":""*""}]",*,on_tool_mount,
id-manager,id_formats,"[{""strategy"":""on_tool_mount"",""fields"":""*""}]",*,on_tool_mount,
id-manager,language_settings_id_manager,"[{""strategy"":""on_tool_mount"",""fields"":""*""}]",*,on_tool_mount,
image-batch-linker,language_settings_common,"[{""strategy"":""on_tool_mount"",""fields"":""*""}]",*,on_tool_mount,
image-batch-linker,language_settings_image_batch_linker,"[{""strategy"":""on_tool_mount"",""fields"":""*""}]",*,on_tool_mount,
image-converter,filename_rule_presets,"[{""strategy"":""on_tool_mount"",""fields"":""*""}]",*,on_tool_mount,
image-converter,language_settings_common,"[{""strategy"":""on_tool_mount"",""fields"":""*""}]",*,on_tool_mount,
image-converter,language_settings_image_file_name_converter,"[{""strategy"":""on_tool_mount"",""fields"":""*""}]",*,on_tool_mount,
ink-mixing,customers,"[{""strategy"":""on_tool_mount"",""fields"":""*""}]",*,on_tool_mount,
ink-mixing,dic_colors,"[{""strategy"":""on_tool_mount"",""fields"":""*""}]",*,on_tool_mount,
ink-mixing,ink_manufacturers,"[{""strategy"":""on_tool_mount"",""fields"":""*""}]",*,on_tool_mount,
ink-mixing,ink_products,"[{""strategy"":""on_tool_mount"",""fields"":""*""}]",*,on_tool_mount,
ink-mixing,ink_recipe_components,"[{""strategy"":""on_tool_mount"",""fields"":""*""}]",*,on_tool_mount,
ink-mixing,ink_recipe_usage,"[{""strategy"":""on_tool_mount"",""fields"":""*""}]",*,on_tool_mount,
ink-mixing,ink_recipes,"[{""strategy"":""on_tool_mount"",""fields"":""*""}]",*,on_tool_mount,
ink-mixing,ink_series,"[{""strategy"":""on_tool_mount"",""fields"":""*""}]",*,on_tool_mount,
ink-mixing,language_settings_common,"[{""strategy"":""on_tool_mount"",""fields"":""*""}]",*,on_tool_mount,
ink-mixing,language_settings_ink_mixing,"[{""strategy"":""on_tool_mount"",""fields"":""*""}]",*,on_tool_mount,
ink-mixing,pantone_colors,"[{""strategy"":""on_tool_mount"",""fields"":""*""}]",*,on_tool_mount,
ink-mixing,quotes,"[{""strategy"":""on_tool_mount"",""fields"":""*""}]",*,on_tool_mount,
ink-product-management,ink_manufacturers,"[{""strategy"":""on_tool_mount"",""fields"":""*""}]",*,on_tool_mount,
ink-product-management,ink_product_types,"[{""strategy"":""on_tool_mount"",""fields"":""*""}]",*,on_tool_mount,
ink-product-management,ink_products,"[{""strategy"":""on_tool_mount"",""fields"":""*""}]",*,on_tool_mount,
ink-product-management,ink_series,"[{""strategy"":""on_tool_mount"",""fields"":""*""}]",*,on_tool_mount,
ink-product-management,language_settings_common,"[{""strategy"":""on_tool_mount"",""fields"":""*""}]",*,on_tool_mount,
ink-product-management,language_settings_ink_product_management,"[{""strategy"":""on_tool_mount"",""fields"":""*""}]",*,on_tool_mount,
ink-product-management,weight_volume_units,"[{""strategy"":""on_tool_mount"",""fields"":""*""}]",*,on_tool_mount,
ink-series-management,ink_manufacturers,"[{""strategy"":""on_tool_mount"",""fields"":""*""}]",*,on_tool_mount,
ink-series-management,ink_series,"[{""strategy"":""on_tool_mount"",""fields"":""*""}]",*,on_tool_mount,
ink-series-management,language_settings_common,"[{""strategy"":""on_tool_mount"",""fields"":""*""}]",*,on_tool_mount,
ink-series-management,language_settings_ink_series_management,"[{""strategy"":""on_tool_mount"",""fields"":""*""}]",*,on_tool_mount,
inventory-management,brands,"[{""strategy"":""on_tool_mount"",""fields"":""*""}]",*,on_tool_mount,
inventory-management,language_settings_common,"[{""strategy"":""on_tool_mount"",""fields"":""*""}]",*,on_tool_mount,
inventory-management,language_settings_inventory_management,"[{""strategy"":""on_tool_mount"",""fields"":""*""}]",*,on_tool_mount,
language-manager,language_settings,"[{""strategy"":""on_tool_mount"",""fields"":""*""}]",*,on_tool_mount,
language-manager,language_settings_common,"[{""strategy"":""on_tool_mount"",""fields"":""*""}]",*,on_tool_mount,
language-manager,language_settings_customer_management,"[{""strategy"":""on_tool_mount"",""fields"":""*""}]",*,on_tool_mount,
language-manager,language_settings_language_manager,"[{""strategy"":""on_tool_mount"",""fields"":""*""}]",*,on_tool_mount,
language-manager,language_settings_order_management,"[{""strategy"":""on_tool_mount"",""fields"":""*""}]",*,on_tool_mount,
language-manager,language_settings_product_management,"[{""strategy"":""on_tool_mount"",""fields"":""*""}]",*,on_tool_mount,
language-manager,language_settings_user_manager,"[{""strategy"":""on_tool_mount"",""fields"":""*""}]",*,on_tool_mount,
language-manager,languages,"[{""strategy"":""on_tool_mount"",""fields"":""*""}]",*,on_tool_mount,
module-list,language_settings_common,"[{""strategy"":""on_tool_mount"",""fields"":""*""}]",*,on_tool_mount,on_tool_mount
module-list,language_settings_module_catalog,"[{""strategy"":""on_tool_mount"",""fields"":""*""}]",*,on_tool_mount,
module-list,language_settings_module_list,"[{""strategy"":""on_tool_mount"",""fields"":""*""}]",*,on_tool_mount,on_tool_mount
order-management,customers,"[{""strategy"":""on_tool_mount"",""fields"":""*""}]",*,on_tool_mount,
order-management,data_confirmation_status_master,"[{""strategy"":""on_tool_mount"",""fields"":""*""}]",*,on_tool_mount,
order-management,google_api_settings,"[{""strategy"":""on_tool_mount"",""fields"":""*""}]",*,on_tool_mount,
order-management,language_settings_common,"[{""strategy"":""on_tool_mount"",""fields"":""*""}]",*,on_tool_mount,
order-management,language_settings_order_management,"[{""strategy"":""on_tool_mount"",""fields"":""*""}]",*,on_tool_mount,
order-management,payment_methods,"[{""strategy"":""on_tool_mount"",""fields"":""*""}]",*,on_tool_mount,
order-management,payment_status_master,"[{""strategy"":""on_tool_mount"",""fields"":""*""}]",*,on_tool_mount,
order-management,production_status_master,"[{""strategy"":""on_tool_mount"",""fields"":""*""}]",*,on_tool_mount,
order-management,quote_designs,"[{""strategy"":""on_tool_mount"",""fields"":""*""}]",*,on_tool_mount,
order-management,quote_history,"[{""strategy"":""on_tool_mount"",""fields"":""*""}]",*,on_tool_mount,
order-management,quote_items,"[{""strategy"":""on_tool_mount"",""fields"":""*""}]",*,on_tool_mount,
order-management,quote_status_master,"[{""strategy"":""on_tool_mount"",""fields"":""*""}]",*,on_tool_mount,
order-management,quote_tasks,"[{""strategy"":""on_tool_mount"",""fields"":""*""}]",*,on_tool_mount,
order-management,quotes,"[{""strategy"":""on_tool_mount"",""fields"":""*""}]",*,on_tool_mount,
order-management,shipping_carriers,"[{""strategy"":""on_tool_mount"",""fields"":""*""}]",*,on_tool_mount,
order-management,shipping_status_master,"[{""strategy"":""on_tool_mount"",""fields"":""*""}]",*,on_tool_mount,
order-management,task_master,"[{""strategy"":""on_tool_mount"",""fields"":""*""}]",*,on_tool_mount,
pdf-item-group-manager,language_settings_common,"[{""strategy"":""on_tool_mount"",""fields"":""*""}]",*,on_tool_mount,
pdf-item-group-manager,language_settings_pdf_item_group_manager,"[{""strategy"":""on_tool_mount"",""fields"":""*""}]",*,on_tool_mount,
pdf-item-group-manager,pdf_item_display_configs,"[{""strategy"":""on_tool_mount"",""fields"":""*""}]",*,on_tool_mount,
pdf-preview-settings,language_settings_common,"[{""strategy"":""on_tool_mount"",""fields"":""*""}]",*,on_tool_mount,
pdf-preview-settings,language_settings_pdf_preview_settings,"[{""strategy"":""on_tool_mount"",""fields"":""*""}]",*,on_tool_mount,
pdf-preview-settings,pdf_preview_zoom_configs,"[{""strategy"":""on_tool_mount"",""fields"":""*""}]",*,on_tool_mount,
pdf-template-manager,language_settings_common,"[{""strategy"":""on_tool_mount"",""fields"":""*""}]",*,on_tool_mount,
pdf-template-manager,language_settings_pdf_template_manager,"[{""strategy"":""on_tool_mount"",""fields"":""*""}]",*,on_tool_mount,
pdf-template-manager,pdf_item_display_configs,"[{""strategy"":""on_tool_mount"",""fields"":""*""}]",*,on_tool_mount,
pdf-template-manager,pdf_templates,"[{""strategy"":""on_tool_mount"",""fields"":""*""}]",*,on_tool_mount,
permission-manager,role_permissions,"[{""strategy"":""on_tool_mount"",""fields"":""*""}]",*,on_tool_mount,
permission-manager,roles,"[{""strategy"":""on_tool_mount"",""fields"":""*""}]",*,on_tool_mount,
php-info-viewer,language_settings_common,"[{""strategy"":""on_tool_mount"",""fields"":""*""}]",*,on_tool_mount,
php-info-viewer,language_settings_php_info_viewer,"[{""strategy"":""on_tool_mount"",""fields"":""*""}]",*,on_tool_mount,
pricing-assistant,additional_print_costs_by_location,"[{""strategy"":""on_tool_mount"",""fields"":""*""}]",*,on_tool_mount,
pricing-assistant,additional_print_costs_by_size,"[{""strategy"":""on_tool_mount"",""fields"":""*""}]",*,on_tool_mount,
pricing-assistant,additional_print_costs_by_tag,"[{""strategy"":""on_tool_mount"",""fields"":""*""}]",*,on_tool_mount,
pricing-assistant,categories,"[{""strategy"":""on_tool_mount"",""fields"":""*""}]",*,on_tool_mount,
pricing-assistant,category_pricing_schedules,"[{""strategy"":""on_tool_mount"",""fields"":""*""}]",*,on_tool_mount,
pricing-assistant,customer_groups,"[{""strategy"":""on_tool_mount"",""fields"":""*""}]",*,on_tool_mount,
pricing-assistant,manufacturers,"[{""strategy"":""on_tool_mount"",""fields"":""*""}]",*,on_tool_mount,
pricing-assistant,plate_costs,"[{""strategy"":""on_tool_mount"",""fields"":""*""}]",*,on_tool_mount,
pricing-assistant,pricing_assignments,"[{""strategy"":""on_tool_mount"",""fields"":""*""}]",*,on_tool_mount,
pricing-assistant,pricing_rules,"[{""strategy"":""on_tool_mount"",""fields"":""*""}]",*,on_tool_mount,
pricing-assistant,print_pricing_schedules,"[{""strategy"":""on_tool_mount"",""fields"":""*""}]",*,on_tool_mount,
pricing-assistant,shipping_costs,"[{""strategy"":""on_tool_mount"",""fields"":""*""}]",*,on_tool_mount,
pricing-assistant,special_ink_costs,"[{""strategy"":""on_tool_mount"",""fields"":""*""}]",*,on_tool_mount,
pricing-manager,language_settings_pricing_management,"[{""strategy"":""on_tool_mount"",""fields"":""*""}]",*,on_tool_mount,
pricing-manager,print_pricing_schedules,"[{""strategy"":""on_tool_mount"",""fields"":""*""}]",*,on_tool_mount,
pricing-manager,print_pricing_tiers,"[{""strategy"":""on_tool_mount"",""fields"":""*""}]",*,on_tool_mount,
pricing-manager,roles,"[{""strategy"":""on_tool_mount"",""fields"":""*""}]",*,on_tool_mount,
pricing-manager,users,"[{""strategy"":""on_tool_mount"",""fields"":""*""}]",*,on_tool_mount,
print-history,language_settings_common,"[{""strategy"":""on_tool_mount"",""fields"":""*""}]",*,on_tool_mount,
print-history,language_settings_print_history,"[{""strategy"":""on_tool_mount"",""fields"":""*""}]",*,on_tool_mount,
print-history,print_history,"[{""strategy"":""on_tool_mount"",""fields"":""*""}]",*,on_tool_mount,
print-history,print_history_images,"[{""strategy"":""on_tool_mount"",""fields"":""*""}]",*,on_tool_mount,
print-history,print_history_positions,"[{""strategy"":""on_tool_mount"",""fields"":""*""}]",*,on_tool_mount,
print-history,print_location_metrics,"[{""strategy"":""on_tool_mount"",""fields"":""*""}]",*,on_tool_mount,
product-definition-manufacturer-tool,language_settings_common,"[{""strategy"":""on_tool_mount"",""fields"":""*""}]",*,on_tool_mount,
product-definition-manufacturer-tool,language_settings_product_definition,"[{""strategy"":""on_tool_mount"",""fields"":""*""}]",*,on_tool_mount,
product-definition-manufacturer-tool,manufacturers,"[{""strategy"":""on_tool_mount"",""fields"":""*""}]",*,on_tool_mount,
product-definition-tool,brands,"[{""strategy"":""on_tool_mount"",""fields"":""*""}]",*,on_tool_mount,
product-definition-tool,calculation_logic_types,"[{""strategy"":""on_tool_mount"",""fields"":""*""}]",*,on_tool_mount,
product-definition-tool,categories,"[{""strategy"":""on_tool_mount"",""fields"":""*""}]",*,on_tool_mount,
product-definition-tool,category_print_locations,"[{""strategy"":""on_tool_mount"",""fields"":""*""}]",*,on_tool_mount,
product-definition-tool,color_libraries,"[{""strategy"":""on_tool_mount"",""fields"":""*""}]",*,on_tool_mount,
product-definition-tool,color_library_types,"[{""strategy"":""on_tool_mount"",""fields"":""*""}]",*,on_tool_mount,
product-definition-tool,free_input_item_types,"[{""strategy"":""on_tool_mount"",""fields"":""*""}]",*,on_tool_mount,
product-definition-tool,ink_product_types,"[{""strategy"":""on_tool_mount"",""fields"":""*""}]",*,on_tool_mount,
product-definition-tool,manufacturers,"[{""strategy"":""on_tool_mount"",""fields"":""*""}]",*,on_tool_mount,
product-definition-tool,payment_methods,"[{""strategy"":""on_tool_mount"",""fields"":""*""}]",*,on_tool_mount,
product-definition-tool,plate_cost_combination,"[{""strategy"":""on_tool_mount"",""fields"":""*""}]",*,on_tool_mount,
product-definition-tool,print_cost_combination,"[{""strategy"":""on_tool_mount"",""fields"":""*""}]",*,on_tool_mount,
product-definition-tool,print_locations,"[{""strategy"":""on_tool_mount"",""fields"":""*""}]",*,on_tool_mount,
product-definition-tool,print_size_constraints,"[{""strategy"":""on_tool_mount"",""fields"":""*""}]",*,on_tool_mount,
product-definition-tool,size_order_master,"[{""strategy"":""on_tool_mount"",""fields"":""*""}]",*,on_tool_mount,
product-definition-tool,tags,"[{""strategy"":""on_tool_mount"",""fields"":""*""}]",*,on_tool_mount,
product-definition-tool,time_units,"[{""strategy"":""on_tool_mount"",""fields"":""*""}]",*,on_tool_mount,
product-definition-tool,weight_volume_units,"[{""strategy"":""on_tool_mount"",""fields"":""*""}]",*,on_tool_mount,
product-management,brands,"[{""strategy"":""on_tool_mount"",""fields"":""*""}]",*,on_tool_mount,
product-management,categories,"[{""strategy"":""on_tool_mount"",""fields"":""*""}]",*,on_tool_mount,
product-management,manufacturers,"[{""strategy"":""on_tool_mount"",""fields"":""*""}]",*,on_tool_mount,
product-management,tags,"[{""strategy"":""on_tool_mount"",""fields"":""*""}]",*,on_tool_mount,
production-scheduler,customers,"[{""strategy"":""on_tool_mount"",""fields"":""*""}]",*,on_tool_mount,
production-scheduler,language_settings_common,"[{""strategy"":""on_tool_mount"",""fields"":""*""}]",*,on_tool_mount,
production-scheduler,language_settings_production_scheduler,"[{""strategy"":""on_tool_mount"",""fields"":""*""}]",*,on_tool_mount,
production-scheduler,quote_items,"[{""strategy"":""on_tool_mount"",""fields"":""*""}]",*,on_tool_mount,
production-scheduler,quote_tasks,"[{""strategy"":""on_tool_mount"",""fields"":""*""}]",*,on_tool_mount,
production-scheduler,quotes,"[{""strategy"":""on_tool_mount"",""fields"":""*""}]",*,on_tool_mount,
production-scheduler,settings,"[{""strategy"":""on_tool_mount"",""fields"":""*""}]",*,on_tool_mount,
production-scheduler,task_master,"[{""strategy"":""on_tool_mount"",""fields"":""*""}]",*,on_tool_mount,
production-settings,language_settings_common,"[{""strategy"":""on_tool_mount"",""fields"":""*""}]",*,on_tool_mount,
production-settings,language_settings_production_settings,"[{""strategy"":""on_tool_mount"",""fields"":""*""}]",*,on_tool_mount,
production-settings,settings,"[{""strategy"":""on_tool_mount"",""fields"":""*""}]",*,on_tool_mount,
proofing,brands,"[{""strategy"":""on_tool_mount"",""fields"":""*""}]",*,on_tool_mount,
proofing,customers,"[{""strategy"":""on_tool_mount"",""fields"":""*""}]",*,on_tool_mount,
proofing,google_api_settings,"[{""strategy"":""on_tool_mount"",""fields"":""*""}]",*,on_tool_mount,
proofing,language_settings_common,"[{""strategy"":""on_tool_mount"",""fields"":""*""}]",*,on_tool_mount,
proofing,language_settings_proofing,"[{""strategy"":""on_tool_mount"",""fields"":""*""}]",*,on_tool_mount,
proofing,quote_items,"[{""strategy"":""on_tool_mount"",""fields"":""*""}]",*,on_tool_mount,
proofing,quotes,"[{""strategy"":""on_tool_mount"",""fields"":""*""}]",*,on_tool_mount,
shipping-logic-tool,additional_options,"[{""strategy"":""on_tool_mount"",""fields"":""*""}]",*,on_tool_mount,
shipping-logic-tool,additional_print_costs_by_location,"[{""strategy"":""on_tool_mount"",""fields"":""*""}]",*,on_tool_mount,
shipping-logic-tool,additional_print_costs_by_size,"[{""strategy"":""on_tool_mount"",""fields"":""*""}]",*,on_tool_mount,
shipping-logic-tool,additional_print_costs_by_tag,"[{""strategy"":""on_tool_mount"",""fields"":""*""}]",*,on_tool_mount,
shipping-logic-tool,behavior_settings,"[{""strategy"":""on_tool_mount"",""fields"":""*""}]",*,on_tool_mount,
shipping-logic-tool,brands,"[{""strategy"":""on_tool_mount"",""fields"":""*""}]",*,on_tool_mount,
shipping-logic-tool,categories,"[{""strategy"":""on_tool_mount"",""fields"":""*""}]",*,on_tool_mount,
shipping-logic-tool,category_print_locations,"[{""strategy"":""on_tool_mount"",""fields"":""*""}]",*,on_tool_mount,
shipping-logic-tool,color_settings,"[{""strategy"":""on_tool_mount"",""fields"":""*""}]",*,on_tool_mount,
shipping-logic-tool,company_info,"[{""strategy"":""on_tool_mount"",""fields"":""*""}]",*,on_tool_mount,
shipping-logic-tool,customer_groups,"[{""strategy"":""on_tool_mount"",""fields"":""*""}]",*,on_tool_mount,
shipping-logic-tool,customers,"[{""strategy"":""on_tool_mount"",""fields"":""*""}]",*,on_tool_mount,
shipping-logic-tool,dtf_consumables,"[{""strategy"":""on_tool_mount"",""fields"":""*""}]",*,on_tool_mount,
shipping-logic-tool,dtf_electricity_rates,"[{""strategy"":""on_tool_mount"",""fields"":""*""}]",*,on_tool_mount,
shipping-logic-tool,dtf_equipment,"[{""strategy"":""on_tool_mount"",""fields"":""*""}]",*,on_tool_mount,
shipping-logic-tool,dtf_labor_costs,"[{""strategy"":""on_tool_mount"",""fields"":""*""}]",*,on_tool_mount,
shipping-logic-tool,dtf_press_time_costs,"[{""strategy"":""on_tool_mount"",""fields"":""*""}]",*,on_tool_mount,
shipping-logic-tool,dtf_print_speeds,"[{""strategy"":""on_tool_mount"",""fields"":""*""}]",*,on_tool_mount,
shipping-logic-tool,dtf_printers,"[{""strategy"":""on_tool_mount"",""fields"":""*""}]",*,on_tool_mount,
shipping-logic-tool,free_input_item_types,"[{""strategy"":""on_tool_mount"",""fields"":""*""}]",*,on_tool_mount,
shipping-logic-tool,language_settings_shipping_logic_tool,"[{""strategy"":""on_tool_mount"",""fields"":""*""}]",*,on_tool_mount,
shipping-logic-tool,layout_settings,"[{""strategy"":""on_tool_mount"",""fields"":""*""}]",*,on_tool_mount,
shipping-logic-tool,manufacturers,"[{""strategy"":""on_tool_mount"",""fields"":""*""}]",*,on_tool_mount,
shipping-logic-tool,partner_codes,"[{""strategy"":""on_tool_mount"",""fields"":""*""}]",*,on_tool_mount,
shipping-logic-tool,payment_methods,"[{""strategy"":""on_tool_mount"",""fields"":""*""}]",*,on_tool_mount,
shipping-logic-tool,pdf_item_display_configs,"[{""strategy"":""on_tool_mount"",""fields"":""*""}]",*,on_tool_mount,
shipping-logic-tool,pdf_templates,"[{""strategy"":""on_tool_mount"",""fields"":""*""}]",*,on_tool_mount,
shipping-logic-tool,plate_cost_combination,"[{""strategy"":""on_tool_mount"",""fields"":""*""}]",*,on_tool_mount,
shipping-logic-tool,plate_costs,"[{""strategy"":""on_tool_mount"",""fields"":""*""}]",*,on_tool_mount,
shipping-logic-tool,prefectures,"[{""strategy"":""on_tool_mount"",""fields"":""*""}]",*,on_tool_mount,
shipping-logic-tool,pricing_assignments,"[{""strategy"":""on_tool_mount"",""fields"":""*""}]",*,on_tool_mount,
shipping-logic-tool,pricing_rules,"[{""strategy"":""on_tool_mount"",""fields"":""*""}]",*,on_tool_mount,
shipping-logic-tool,print_cost_combination,"[{""strategy"":""on_tool_mount"",""fields"":""*""}]",*,on_tool_mount,
shipping-logic-tool,print_locations,"[{""strategy"":""on_tool_mount"",""fields"":""*""}]",*,on_tool_mount,
shipping-logic-tool,print_pricing_tiers,"[{""strategy"":""on_tool_mount"",""fields"":""*""}]",*,on_tool_mount,
shipping-logic-tool,print_size_constraints,"[{""strategy"":""on_tool_mount"",""fields"":""*""}]",*,on_tool_mount,
shipping-logic-tool,quote_designs,"[{""strategy"":""on_tool_mount"",""fields"":""*""}]",*,on_tool_mount,
shipping-logic-tool,quote_items,"[{""strategy"":""on_tool_mount"",""fields"":""*""}]",*,on_tool_mount,
shipping-logic-tool,quotes,"[{""strategy"":""on_tool_mount"",""fields"":""*""}]",*,on_tool_mount,
shipping-logic-tool,settings,"[{""strategy"":""on_tool_mount"",""fields"":""*""}]",*,on_tool_mount,
shipping-logic-tool,shipping_costs,"[{""strategy"":""on_tool_mount"",""fields"":""*""}]",*,on_tool_mount,
shipping-logic-tool,special_ink_costs,"[{""strategy"":""on_tool_mount"",""fields"":""*""}]",*,on_tool_mount,
shipping-logic-tool,tags,"[{""strategy"":""on_tool_mount"",""fields"":""*""}]",*,on_tool_mount,
shipping-logic-tool,volume_discount_schedules,"[{""strategy"":""on_tool_mount"",""fields"":""*""}]",*,on_tool_mount,
silkscreen-logic-tool,additional_options,"[{""strategy"":""on_tool_mount"",""fields"":""*""}]",*,on_tool_mount,
silkscreen-logic-tool,additional_print_costs_by_location,"[{""strategy"":""on_tool_mount"",""fields"":""*""}]",*,on_tool_mount,
silkscreen-logic-tool,additional_print_costs_by_size,"[{""strategy"":""on_tool_mount"",""fields"":""*""}]",*,on_tool_mount,
silkscreen-logic-tool,additional_print_costs_by_tag,"[{""strategy"":""on_tool_mount"",""fields"":""*""}]",*,on_tool_mount,
silkscreen-logic-tool,behavior_settings,"[{""strategy"":""on_tool_mount"",""fields"":""*""}]",*,on_tool_mount,
silkscreen-logic-tool,brands,"[{""strategy"":""on_tool_mount"",""fields"":""*""}]",*,on_tool_mount,
silkscreen-logic-tool,categories,"[{""strategy"":""on_tool_mount"",""fields"":""*""}]",*,on_tool_mount,
silkscreen-logic-tool,category_print_locations,"[{""strategy"":""on_tool_mount"",""fields"":""*""}]",*,on_tool_mount,
silkscreen-logic-tool,color_settings,"[{""strategy"":""on_tool_mount"",""fields"":""*""}]",*,on_tool_mount,
silkscreen-logic-tool,company_info,"[{""strategy"":""on_tool_mount"",""fields"":""*""}]",*,on_tool_mount,
silkscreen-logic-tool,customer_groups,"[{""strategy"":""on_tool_mount"",""fields"":""*""}]",*,on_tool_mount,
silkscreen-logic-tool,customers,"[{""strategy"":""on_tool_mount"",""fields"":""*""}]",*,on_tool_mount,
silkscreen-logic-tool,dtf_consumables,"[{""strategy"":""on_tool_mount"",""fields"":""*""}]",*,on_tool_mount,
silkscreen-logic-tool,dtf_electricity_rates,"[{""strategy"":""on_tool_mount"",""fields"":""*""}]",*,on_tool_mount,
silkscreen-logic-tool,dtf_equipment,"[{""strategy"":""on_tool_mount"",""fields"":""*""}]",*,on_tool_mount,
silkscreen-logic-tool,dtf_labor_costs,"[{""strategy"":""on_tool_mount"",""fields"":""*""}]",*,on_tool_mount,
silkscreen-logic-tool,dtf_press_time_costs,"[{""strategy"":""on_tool_mount"",""fields"":""*""}]",*,on_tool_mount,
silkscreen-logic-tool,dtf_print_speeds,"[{""strategy"":""on_tool_mount"",""fields"":""*""}]",*,on_tool_mount,
silkscreen-logic-tool,dtf_printers,"[{""strategy"":""on_tool_mount"",""fields"":""*""}]",*,on_tool_mount,
silkscreen-logic-tool,free_input_item_types,"[{""strategy"":""on_tool_mount"",""fields"":""*""}]",*,on_tool_mount,
silkscreen-logic-tool,language_settings_silkscreen,"[{""strategy"":""on_tool_mount"",""fields"":""*""}]",*,on_tool_mount,
silkscreen-logic-tool,layout_settings,"[{""strategy"":""on_tool_mount"",""fields"":""*""}]",*,on_tool_mount,
silkscreen-logic-tool,manufacturers,"[{""strategy"":""on_tool_mount"",""fields"":""*""}]",*,on_tool_mount,
silkscreen-logic-tool,partner_codes,"[{""strategy"":""on_tool_mount"",""fields"":""*""}]",*,on_tool_mount,
silkscreen-logic-tool,payment_methods,"[{""strategy"":""on_tool_mount"",""fields"":""*""}]",*,on_tool_mount,
silkscreen-logic-tool,pdf_item_display_configs,"[{""strategy"":""on_tool_mount"",""fields"":""*""}]",*,on_tool_mount,
silkscreen-logic-tool,pdf_templates,"[{""strategy"":""on_tool_mount"",""fields"":""*""}]",*,on_tool_mount,
silkscreen-logic-tool,plate_cost_combination,"[{""strategy"":""on_tool_mount"",""fields"":""*""}]",*,on_tool_mount,
silkscreen-logic-tool,plate_costs,"[{""strategy"":""on_tool_mount"",""fields"":""*""}]",*,on_tool_mount,
silkscreen-logic-tool,prefectures,"[{""strategy"":""on_tool_mount"",""fields"":""*""}]",*,on_tool_mount,
silkscreen-logic-tool,pricing_assignments,"[{""strategy"":""on_tool_mount"",""fields"":""*""}]",*,on_tool_mount,
silkscreen-logic-tool,pricing_rules,"[{""strategy"":""on_tool_mount"",""fields"":""*""}]",*,on_tool_mount,
silkscreen-logic-tool,print_cost_combination,"[{""strategy"":""on_tool_mount"",""fields"":""*""}]",*,on_tool_mount,
silkscreen-logic-tool,print_locations,"[{""strategy"":""on_tool_mount"",""fields"":""*""}]",*,on_tool_mount,
silkscreen-logic-tool,print_pricing_tiers,"[{""strategy"":""on_tool_mount"",""fields"":""*""}]",*,on_tool_mount,
silkscreen-logic-tool,print_size_constraints,"[{""strategy"":""on_tool_mount"",""fields"":""*""}]",*,on_tool_mount,
silkscreen-logic-tool,quote_designs,"[{""strategy"":""on_tool_mount"",""fields"":""*""}]",*,on_tool_mount,
silkscreen-logic-tool,quote_items,"[{""strategy"":""on_tool_mount"",""fields"":""*""}]",*,on_tool_mount,
silkscreen-logic-tool,quotes,"[{""strategy"":""on_tool_mount"",""fields"":""*""}]",*,on_tool_mount,
silkscreen-logic-tool,settings,"[{""strategy"":""on_tool_mount"",""fields"":""*""}]",*,on_tool_mount,
silkscreen-logic-tool,shipping_costs,"[{""strategy"":""on_tool_mount"",""fields"":""*""}]",*,on_tool_mount,
silkscreen-logic-tool,special_ink_costs,"[{""strategy"":""on_tool_mount"",""fields"":""*""}]",*,on_tool_mount,
silkscreen-logic-tool,tags,"[{""strategy"":""on_tool_mount"",""fields"":""*""}]",*,on_tool_mount,
silkscreen-logic-tool,volume_discount_schedules,"[{""strategy"":""on_tool_mount"",""fields"":""*""}]",*,on_tool_mount,
system-diagnostics,language_settings_common,"[{""strategy"":""on_tool_mount"",""fields"":""*""}]",*,on_tool_mount,
system-diagnostics,language_settings_system_diagnostics,"[{""strategy"":""on_tool_mount"",""fields"":""*""}]",*,on_tool_mount,
system-diagnostics,settings,"[{""strategy"":""on_tool_mount"",""fields"":""*""}]",*,on_tool_mount,
system-logs,app_logs,"[{""strategy"":""on_tool_mount"",""fields"":""*""}]",*,on_tool_mount,
system-logs,language_settings_common,"[{""strategy"":""on_tool_mount"",""fields"":""*""}]",*,on_tool_mount,
system-logs,language_settings_system_logs,"[{""strategy"":""on_tool_mount"",""fields"":""*""}]",*,on_tool_mount,
task-analysis,quote_tasks,"[{""strategy"":""on_tool_mount"",""fields"":""*""}]",*,on_tool_mount,
task-analysis,task_master,"[{""strategy"":""on_tool_mount"",""fields"":""*""}]",*,on_tool_mount,
task-settings,calculation_logic_types,"[{""strategy"":""on_tool_mount"",""fields"":""*""}]",*,on_tool_mount,
task-settings,language_settings_common,"[{""strategy"":""on_tool_mount"",""fields"":""*""}]",*,on_tool_mount,
task-settings,language_settings_task_settings,"[{""strategy"":""on_tool_mount"",""fields"":""*""}]",*,on_tool_mount,
task-settings,task_generation_rules,"[{""strategy"":""on_tool_mount"",""fields"":""*""}]",*,on_tool_mount,
task-settings,task_master,"[{""strategy"":""on_tool_mount"",""fields"":""*""}]",*,on_tool_mount,
task-settings,task_time_settings,"[{""strategy"":""on_tool_mount"",""fields"":""*""}]",*,on_tool_mount,
task-settings,time_units,"[{""strategy"":""on_tool_mount"",""fields"":""*""}]",*,on_tool_mount,
tool-dependency-manager,language_settings_common,"[{""strategy"":""on_tool_mount"",""fields"":""*""}]",*,on_tool_mount,
tool-dependency-manager,language_settings_tool_dependency_manager,"[{""strategy"":""on_tool_mount"",""fields"":""*""}]",*,on_tool_mount,
tool-dependency-manager,tool_dependencies,"[{""strategy"":""on_tool_mount"",""fields"":""*""}]",*,on_tool_mount,
tool-dependency-scanner,app_logs,"[{""strategy"":""on_tool_mount"",""fields"":""*""}]",*,on_tool_mount,
tool-dependency-scanner,language_settings_common,"[{""strategy"":""on_tool_mount"",""fields"":""*""}]",*,on_tool_mount,
tool-dependency-scanner,language_settings_tool_dependency_scanner,"[{""strategy"":""on_tool_mount"",""fields"":""*""}]",*,on_tool_mount,
tool-dependency-scanner,tool_dependencies,"[{""strategy"":""on_tool_mount"",""fields"":""*""}]",*,on_tool_mount,
tool-exporter,language_settings_common,"[{""strategy"":""on_tool_mount"",""fields"":""*""}]",*,on_tool_mount,
tool-exporter,language_settings_tool_exporter,"[{""strategy"":""on_tool_mount"",""fields"":""*""}]",*,on_tool_mount,
tool-guide,language_settings_common,"[{""strategy"":""on_tool_mount"",""fields"":""*""}]",*,on_tool_mount,
tool-guide,language_settings_tool_guide,"[{""strategy"":""on_tool_mount"",""fields"":""*""}]",*,on_tool_mount,
tool-porting-manager,language_settings_common,"[{""strategy"":""on_tool_mount"",""fields"":""*""}]",*,on_tool_mount,
tool-porting-manager,language_settings_tool_porting_manager,"[{""strategy"":""on_tool_mount"",""fields"":""*""}]",*,on_tool_mount,
unregistered-module-tool,language_settings_common,"[{""strategy"":""on_tool_mount"",""fields"":""*""}]",*,on_tool_mount,
unregistered-module-tool,language_settings_unregistered_module_tool,"[{""strategy"":""on_tool_mount"",""fields"":""*""}]",*,on_tool_mount,
unregistered-module-tool,modules_core,"[{""strategy"":""on_tool_mount"",""fields"":""*""}]",*,on_tool_mount,
unregistered-module-tool,modules_other,"[{""strategy"":""on_tool_mount"",""fields"":""*""}]",*,on_tool_mount,
unregistered-module-tool,modules_page_tool,"[{""strategy"":""on_tool_mount"",""fields"":""*""}]",*,on_tool_mount,
unregistered-module-tool,modules_service,"[{""strategy"":""on_tool_mount"",""fields"":""*""}]",*,on_tool_mount,
unregistered-module-tool,modules_ui_atoms,"[{""strategy"":""on_tool_mount"",""fields"":""*""}]",*,on_tool_mount,
unregistered-module-tool,modules_ui_modals,"[{""strategy"":""on_tool_mount"",""fields"":""*""}]",*,on_tool_mount,
unregistered-module-tool,modules_ui_molecules,"[{""strategy"":""on_tool_mount"",""fields"":""*""}]",*,on_tool_mount,
unregistered-module-tool,modules_ui_organisms,"[{""strategy"":""on_tool_mount"",""fields"":""*""}]",*,on_tool_mount,
user-manager,language_settings_common,"[{""strategy"":""on_tool_mount"",""fields"":""*""}]",*,on_tool_mount,
user-manager,language_settings_user_manager,"[{""strategy"":""on_tool_mount"",""fields"":""*""}]",*,on_tool_mount,
user-manager,roles,"[{""strategy"":""on_tool_mount"",""fields"":""*""}]",*,on_tool_mount,
user-manager,users,"[{""strategy"":""on_tool_mount"",""fields"":""*""}]",*,on_tool_mount,
work-record,quotes,"[{""strategy"":""on_tool_mount"",""fields"":""*""}]",*,on_tool_mount,
work-record,task_master,"[{""strategy"":""on_tool_mount"",""fields"":""*""}]",*,on_tool_mount,
work-record,users,"[{""strategy"":""on_tool_mount"",""fields"":""*""}]",*,on_tool_mount,
work-record,work_session_quotes,"[{""strategy"":""on_tool_mount"",""fields"":""*""}]",*,on_tool_mount,
work-record,work_sessions,"[{""strategy"":""on_tool_mount"",""fields"":""*""}]",*,on_tool_mount,
worksheet,brands,"[{""strategy"":""on_tool_mount"",""fields"":""*""}]",*,on_tool_mount,
worksheet,company_info,"[{""strategy"":""on_tool_mount"",""fields"":""*""}]",*,on_tool_mount,
worksheet,customers,"[{""strategy"":""on_tool_mount"",""fields"":""*""}]",*,on_tool_mount,
worksheet,language_settings_common,"[{""strategy"":""on_tool_mount"",""fields"":""*""}]",*,on_tool_mount,
worksheet,language_settings_worksheet,"[{""strategy"":""on_tool_mount"",""fields"":""*""}]",*,on_tool_mount,
worksheet,quote_items,"[{""strategy"":""on_tool_mount"",""fields"":""*""}]",*,on_tool_mount,
worksheet,quotes,"[{""strategy"":""on_tool_mount"",""fields"":""*""}]",*,on_tool_mount,