id,manufacturer_id,product_code,productName,product_name,description,images,tags,brand,meta_title,meta_description,og_image_url,og_title,og_description
prod_manu_0003_1155,manu_0003,1155,"Baseball Low Cap-denim-light blue","Baseball Low Cap-denim-light blue",,,,,,,,,
prod_manu_0003_1400,manu_0003,1400,"Baseball Low Cap-twill-black","Baseball Low Cap-twill-black",,,,,,,,,
prod_manu_0003_1500,manu_0003,1500,"Bucket Hat-twill-black","Bucket Hat-twill-black",,,,,,,,,
prod_manu_0003_23435,manu_0003,23435,ビッグシルエット中綿ボアジャケット-ネイビ-,ビッグシルエット中綿ボアジャケット-ネイビ-,,,,,,,,,
prod_manu_0003_ACT-108,manu_0003,ACT-108,アクティブTシャツ-ホワイト,アクティブTシャツ-ホワイト,,,,,,,,,
prod_manu_0003_APL-269,manu_0003,APL-269,長袖アクティブポロシャツ(ポケット付)-ホワイト,長袖アクティブポロシャツ(ポケット付)-ホワイト,,,,,,,,,
prod_manu_0003_APP-260,manu_0003,APP-260,アクティブポロシャツ(ポケット付)-ホワイト,アクティブポロシャツ(ポケット付)-ホワイト,,,,,,,,,
prod_manu_0003_ATP-261,manu_0003,ATP-261,アクティブポロシャツ-ホワイト,アクティブポロシャツ-ホワイト,,,,,,,,,
prod_manu_0003_BCW-015,manu_0003,BCW-015,ベンチウォ-マ--ブラック,ベンチウォ-マ--ブラック,,,,,,,,,
prod_manu_0003_BDP-262,manu_0003,BDP-262,ボタンダウンポロシャツ-ホワイト,ボタンダウンポロシャツ-ホワイト,,,,,,,,,
prod_manu_0003_BNS-266,manu_0003,BNS-266,ビズスタイルニットシャツ-WHT-ホワイト,ビズスタイルニットシャツ-WHT-ホワイト,,,,,,,,,
prod_manu_0003_BP2281,manu_0003,BP2281,レギュラーウェイトビッグシルエットプルパーカー-WHT-ホワイト,レギュラーウェイトビッグシルエットプルパーカー-WHT-ホワイト,,,,,,,,,
prod_manu_0003_BSP-265,manu_0003,BSP-265,ビズスタイルBDポロシャツ-ホワイト,ビズスタイルBDポロシャツ-ホワイト,,,,,,,,,
prod_manu_0003_CBT-030,manu_0003,CBT-030,クラフトビッグトート-ブラック,クラフトビッグトート-ブラック,,,,,,,,,
prod_manu_0003_CCS-902,manu_0003,CCS-902,クルー丈カラーソックス-ホワイト,クルー丈カラーソックス-ホワイト,,,,,,,,,
prod_manu_0003_CKC-361,manu_0003,CKC-361,コットンキャップ-ホワイト,コットンキャップ-ホワイト,,,,,,,,,
prod_manu_0003_CLD-923,manu_0003,CLD-923,コットンライクドライTシャツ-ホワイト,コットンライクドライTシャツ-ホワイト,,,,,,,,,
prod_manu_0003_CLS-903,manu_0003,CLS-903,スリーラインパイルソックス-ホワイト×ブラック,スリーラインパイルソックス-ホワイト×ブラック,,,,,,,,,
prod_manu_0003_CMB-034,manu_0003,CMB-034,キャンバスミュゼットバッグ-オリーブ,キャンバスミュゼットバッグ-オリーブ,,,,,,,,,
prod_manu_0003_CRS-031,manu_0003,CRS-031,クラフトリングショルダー-ホワイト,クラフトリングショルダー-ホワイト,,,,,,,,,
prod_manu_0003_ETC-351,manu_0003,ETC-351,イベントキャップ-ホワイト,イベントキャップ-ホワイト,,,,,,,,,
prod_manu_0003_FDB-270,manu_0003,FDB-270,ドライBDポロシャツ-ホワイト,ドライBDポロシャツ-ホワイト,,,,,,,,,
prod_manu_0003_FDT-100,manu_0003,FDT-100,ファンクショナルドライTシャツ-ホワイト,ファンクショナルドライTシャツ-ホワイト,,,,,,,,,
prod_manu_0003_FLC-018,manu_0003,FLC-018,フリ-スコ-ト-ブラック,フリ-スコ-ト-ブラック,,,,,,,,,
prod_manu_0003_FMC-362,manu_0003,FMC-362,フライメッシュキャップ-ホワイト,フライメッシュキャップ-ホワイト,,,,,,,,,
prod_manu_0003_FNK-630,manu_0003,FNK-630,ネックウォーマー-ブラック,ネックウォーマー-ブラック,,,,,,,,,
prod_manu_0003_FRJ-014,manu_0003,FRJ-014,リフレクジャケット-レッド,リフレクジャケット-レッド,,,,,,,,,
prod_manu_0003_FTX-930,manu_0003,FTX-930,フードテキスタイルTシャツ-抹茶,フードテキスタイルTシャツ-抹茶,,,,,,,,,
prod_manu_0003_GA5542,manu_0003,GA5542,ショートエプロンーブラック,ショートエプロンーブラック,,,,,,,,,
prod_manu_0003_GA5560,manu_0003,GA5560,ソムリエエプロンMーブラック,ソムリエエプロンMーブラック,,,,,,,,,
prod_manu_0003_GA5588,manu_0003,GA5588,ソムリエエプロンLーブラック,ソムリエエプロンLーブラック,,,,,,,,,
prod_manu_0003_GAT-500,manu_0003,GAT-500,ヘビーウェイトTシャツ-WHT-ホワイト,ヘビーウェイトTシャツ-WHT-ホワイト,,,,,,,,,
prod_manu_0003_GAT-500B,manu_0003,GAT-500B,ヘビーウェイトTシャツ-AGR-アーミーグリーン,ヘビーウェイトTシャツ-AGR-アーミーグリーン,,,,,,,,,
prod_manu_0003_HMK-213,manu_0003,HMK-213,帆前掛け-キナリ,帆前掛け-キナリ,,,,,,,,,
prod_manu_0003_HNC-102,manu_0003,HNC-102,ハニカムTシャツ-ホワイト,ハニカムTシャツ-ホワイト,,,,,,,,,
prod_manu_0003_HNC-204,manu_0003,HNC-204,ハニカム長袖Tシャツ(リブ有り)-ホワイト,ハニカム長袖Tシャツ(リブ有り)-ホワイト,,,,,,,,,
prod_manu_0003_HSP-136,manu_0003,HSP-136,ヘビーウェイトP/OパーカーDBK-ディープブラック,ヘビーウェイトP/OパーカーDBK-ディープブラック,,,,,,,,,
prod_manu_0003_HSW-138,manu_0003,HSW-138,ヘビーウェイトスウェットシャツ-DBK-ディープブラック,ヘビーウェイトスウェットシャツ-DBK-ディープブラック,,,,,,,,,
prod_manu_0003_HSZ-137,manu_0003,HSZ-137,ヘビーウェイトジップパーカーDBK-ディープブラック,ヘビーウェイトジップパーカーDBK-ディープブラック,,,,,,,,,
prod_manu_0003_HVT-024,manu_0003,HVT-024,ヘビートートバッグ-ネイビー,ヘビートートバッグ-ネイビー,,,,,,,,,
prod_manu_0003_ISM-999,manu_0003,ISM-999,アイスシルクマスク-WHT-ホワイト,アイスシルクマスク-WHT-ホワイト,,,,,,,,,
prod_manu_0003_JAS-800,manu_0003,JAS-800,"ジャパンメイドカシミアタッチ アクリルマフラー-ホワイト","ジャパンメイドカシミアタッチ アクリルマフラー-ホワイト",,,,,,,,,
prod_manu_0003_JPC-001,manu_0003,JPC-001,チューブラーTシャツ-ホワイト,チューブラーTシャツ-ホワイト,,,,,,,,,
prod_manu_0003_KTA-211,manu_0003,KTA-211,カジュアルエプロン-ネイビ-,カジュアルエプロン-ネイビ-,,,,,,,,,
prod_manu_0003_LBN-360,manu_0003,LBN-360,ビーニー-ブラック,ビーニー-ブラック,,,,,,,,,
prod_manu_0003_MIJ-900,manu_0003,MIJ-900,メイドインジャパンTシャツ【製品染め専用】,メイドインジャパンTシャツ【製品染め専用】,,,,,,,,,
prod_manu_0003_MIJ-901,manu_0003,MIJ-901,メイドインジャパンTシャツ【製品染めカラー】WHT,メイドインジャパンTシャツ【製品染めカラー】WHT,,,,,,,,,
prod_manu_0003_MVT-026,manu_0003,MVT-026,ミニヘビートートバッグ-レッド,ミニヘビートートバッグ-レッド,,,,,,,,,
prod_manu_0003_NBR-020,manu_0003,NBR-020,ブライトコート-ホワイト,ブライトコート-ホワイト,,,,,,,,,
prod_manu_0003_NLV-512,manu_0003,NLV-512,"バーサタイル ナイロンパンツ-ブラック","バーサタイル ナイロンパンツ-ブラック",,,,,,,,,
prod_manu_0003_NPD-350,manu_0003,NPD-350,ナイロンパッカブルデイバッグ-ブラック,ナイロンパッカブルデイバッグ-ブラック,,,,,,,,,
prod_manu_0003_NPE-310,manu_0003,NPE-310,ナイロンポケッタブルバッグ-WHT-ホワイト,ナイロンポケッタブルバッグ-WHT-ホワイト,,,,,,,,,
prod_manu_0003_NPZ-021,manu_0003,NPZ-021,イベントバッグ-ブラック,イベントバッグ-ブラック,,,,,,,,,
prod_manu_0003_NSV-505,manu_0003,NSV-505,"バーサタイル ナイロンショーツ-ブラック","バーサタイル ナイロンショーツ-ブラック",,,,,,,,,
prod_manu_0003_OBD-200,manu_0003,OBD-200,オックスフォードボタンダウンシャツ-ホワイト-WHT,オックスフォードボタンダウンシャツ-ホワイト-WHT,,,,,,,,,
prod_manu_0003_OE1115,manu_0003,OE1115,"PFD OEマックスウエイトTシャツ-PFD","PFD OEマックスウエイトTシャツ-PFD",,,,,,,,,
prod_manu_0003_OE1116,manu_0003,OE1116,マックスウエイトTシャツ-WHT-ホワイト,マックスウエイトTシャツ-WHT-ホワイト,,,,,,,,,
prod_manu_0003_OE1117,manu_0003,OE1117,オープンエンドマックスウエイトポケットTシャツ-WHT-ホワイト,オープンエンドマックスウエイトポケットTシャツ-WHT-ホワイト,,,,,,,,,
prod_manu_0003_OE1118,manu_0003,OE1118,オープンエンドマックスウエイトバインダーネックTシャツ-WHT-ホワイト,オープンエンドマックスウエイトバインダーネックTシャツ-WHT-ホワイト,,,,,,,,,
prod_manu_0003_OE1119,manu_0003,OE1119,OEバインダーネックポケットTシャツ-WHT-ホワイト,OEバインダーネックポケットTシャツ-WHT-ホワイト,,,,,,,,,
prod_manu_0003_OE1120,manu_0003,OE1120,OEマックスウエイトヘンリーネックTシャツ-WHT-ホワイト,OEマックスウエイトヘンリーネックTシャツ-WHT-ホワイト,,,,,,,,,
prod_manu_0003_OE1121,manu_0003,OE1121,OEマックスウェイトリンガーTシャツ-NTR×BUR,OEマックスウェイトリンガーTシャツ-NTR×BUR,,,,,,,,,
prod_manu_0003_OE1210,manu_0003,OE1210,"マックスウェイト ロングスリーブ リブ無ーWHT-ホワイト","マックスウェイト ロングスリーブ リブ無ーWHT-ホワイト",,,,,,,,,
prod_manu_0003_OE1230,manu_0003,OE1230,オープンエンド3/4スリーブBBT-NTR×NTR,オープンエンド3/4スリーブBBT-NTR×NTR,,,,,,,,,
prod_manu_0003_OE1240,manu_0003,OE1240,オープンエンドフットボールTeeTシャツ-ホワイト,オープンエンドフットボールTeeTシャツ-ホワイト,,,,,,,,,
prod_manu_0003_OE1250,manu_0003,OE1250,オープンエンドリラックスフィットラグランTシャツ-ホワイト,オープンエンドリラックスフィットラグランTシャツ-ホワイト,,,,,,,,,
prod_manu_0003_OE1301,manu_0003,OE1301,OEウィメンズオーバーTシャツ-WHT-ホワイト,OEウィメンズオーバーTシャツ-WHT-ホワイト,,,,,,,,,
prod_manu_0003_OE1401,manu_0003,OE1401,OEメンズオーバーTシャツ-WHT-ホワイト,OEメンズオーバーTシャツ-WHT-ホワイト,,,,,,,,,
prod_manu_0003_OGB-910,manu_0003,OGB-910,オーガニックコットンTシャツ-WHT-ホワイト,オーガニックコットンTシャツ-WHT-ホワイト,,,,,,,,,
prod_manu_0003_OGL-914,manu_0003,OGL-914,オーガニックコットンロングスリーブTシャツ-WHT-ホワイト,オーガニックコットンロングスリーブTシャツ-WHT-ホワイト,,,,,,,,,
prod_manu_0003_OGP-916,manu_0003,OGP-916,オーガニックコットンプルパーカー-NTR-ナチュラル,オーガニックコットンプルパーカー-NTR-ナチュラル,,,,,,,,,
prod_manu_0003_OGS-915,manu_0003,OGS-915,オーガニックコットンクルーネックスウェット-NTR-ナチュラル,オーガニックコットンクルーネックスウェット-NTR-ナチュラル,,,,,,,,,
prod_manu_0003_OTC-364,manu_0003,OTC-364,OTTOキャップ-ホワイト,OTTOキャップ-ホワイト,,,,,,,,,
prod_manu_0003_OTC-365,manu_0003,OTC-365,"OTTO CAP6パネルミッドプロファイルベースボール-ブラック","OTTO CAP6パネルミッドプロファイルベースボール-ブラック",,,,,,,,,
prod_manu_0003_PBR-920,manu_0003,PBR-920,リサイクルポリエステルTシャツ-ホワイト,リサイクルポリエステルTシャツ-ホワイト,,,,,,,,,
prod_manu_0003_PBT-921,manu_0003,PBT-921,リサイクルポリ天竺Tシャツ-ホワイト,リサイクルポリ天竺Tシャツ-ホワイト,,,,,,,,,
prod_manu_0003_PCJ-940,manu_0003,PCJ-940,リサイクルポリコーチジャケット-ブラック,リサイクルポリコーチジャケット-ブラック,,,,,,,,,
prod_manu_0003_PGP-150,manu_0003,PGP-150,ピグメントP/Oパーカー-Pナチュラル,ピグメントP/Oパーカー-Pナチュラル,,,,,,,,,
prod_manu_0003_PGS-149,manu_0003,PGS-149,ピグメントスウェットシャツ-Pナチュラル,ピグメントスウェットシャツ-Pナチュラル,,,,,,,,,
prod_manu_0003_PGT-144,manu_0003,PGT-144,ピグメントTシャツ-Pナチュラル,ピグメントTシャツ-Pナチュラル,,,,,,,,,
prod_manu_0003_PKT-124,manu_0003,PKT-124,ポケットTシャツ-WHT-ホワイト,ポケットTシャツ-WHT-ホワイト,,,,,,,,,
prod_manu_0003_PMK-214,manu_0003,PMK-214,帆前掛け(ポケット付き)-ネイビー,帆前掛け(ポケット付き)-ネイビー,,,,,,,,,
prod_manu_0003_POL-205,manu_0003,POL-205,ファイバーロングスリーブTシャツ-WHT-ホワイト,ファイバーロングスリーブTシャツ-WHT-ホワイト,,,,,,,,,
prod_manu_0003_POT-104,manu_0003,POT-104,ファイバードライTシャツ-ホワイト,ファイバードライTシャツ-ホワイト,,,,,,,,,
prod_manu_0003_POT-104I,manu_0003,POT-104I,ファイバードライTシャツ-ケイコウイエロー,ファイバードライTシャツ-ケイコウイエロー,,,,,,,,,
prod_manu_0003_POV-109,manu_0003,POV-109,ファイバービブス-ホワイト,ファイバービブス-ホワイト,,,,,,,,,
prod_manu_0003_RBT-135,manu_0003,RBT-135,ソフトスリムTシャツ-WHT-ホワイト,ソフトスリムTシャツ-WHT-ホワイト,,,,,,,,,
prod_manu_0003_RCP-304,manu_0003,RCP-304,リップコンパクトアクティブポーチ-WHT,リップコンパクトアクティブポーチ-WHT,,,,,,,,,
prod_manu_0003_RL1216,manu_0003,RL1216,"マックスウェイト ロングスリーブ リブ有ーWHT-ホワイト","マックスウェイト ロングスリーブ リブ有ーWHT-ホワイト",,,,,,,,,
prod_manu_0003_RMB-301,manu_0003,RMB-301,リップショルダーマルシェバッグ-WHT,リップショルダーマルシェバッグ-WHT,,,,,,,,,
prod_manu_0003_RMS-303,manu_0003,RMS-303,リップミニサコッシュ-WHT,リップミニサコッシュ-WHT,,,,,,,,,
prod_manu_0003_RPB-401,manu_0003,RPB-401,リサイクルポリエステルB4トートバッグ-ブラック,リサイクルポリエステルB4トートバッグ-ブラック,,,,,,,,,
prod_manu_0003_RPD-402,manu_0003,RPD-402,リサイクルポリエステルドラムバッグ-ブラック,リサイクルポリエステルドラムバッグ-ブラック,,,,,,,,,
prod_manu_0003_RPM-400,manu_0003,RPM-400,リサイクルポリエステルパースミニバッグ-ブラック,リサイクルポリエステルパースミニバッグ-ブラック,,,,,,,,,
prod_manu_0003_RPS-305,manu_0003,RPS-305,リップシングルピクニックシート-オレンジ,リップシングルピクニックシート-オレンジ,,,,,,,,,
prod_manu_0003_RPT-925,manu_0003,RPT-925,リサイクルポリエステルTシャツ-ホワイト,リサイクルポリエステルTシャツ-ホワイト,,,,,,,,,
prod_manu_0003_RSP-142,manu_0003,RSP-142,スタンダードP/OパーカーWHT-ホワイト,スタンダードP/OパーカーWHT-ホワイト,,,,,,,,,
prod_manu_0003_RSS-147,manu_0003,RSS-147,スタンダードスウェットシャツ-ホワイト,スタンダードスウェットシャツ-ホワイト,,,,,,,,,
prod_manu_0003_RSZ-143,manu_0003,RSZ-143,スタンダードジップパーカーWHT-ホワイト,スタンダードジップパーカーWHT-ホワイト,,,,,,,,,
prod_manu_0003_SA7200,manu_0003,SA7200,レギュラーウェイトスウェットパンツ-WHTホワイト,レギュラーウェイトスウェットパンツ-WHTホワイト,,,,,,,,,
prod_manu_0003_SB2280,manu_0003,SB2280,レギュラーウェイトビッグシルエットスウェットシャツ-WHT-ホワイト,レギュラーウェイトビッグシルエットスウェットシャツ-WHT-ホワイト,,,,,,,,,
prod_manu_0003_SBT-125,manu_0003,SBT-125,ボーダーTシャツ-HGY×SBK,ボーダーTシャツ-HGY×SBK,,,,,,,,,
prod_manu_0003_SBT-126,manu_0003,SBT-126,ウィメンズボーダーTシャツ-WHT×SBK,ウィメンズボーダーTシャツ-WHT×SBK,,,,,,,,,
prod_manu_0003_SFL-110,manu_0003,SFL-110,スリムフィットロングスリーブTシャツ-ヘザーグレーHGY,スリムフィットロングスリーブTシャツ-ヘザーグレーHGY,,,,,,,,,
prod_manu_0003_SFT-106,manu_0003,SFT-106,スリムフィットTシャツ-ホワイト-WHT,スリムフィットTシャツ-ホワイト-WHT,,,,,,,,,
prod_manu_0003_SFU-114,manu_0003,SFU-114,スリムフィットUネックT-ホワイト,スリムフィットUネックT-ホワイト,,,,,,,,,
prod_manu_0003_SFV-113,manu_0003,SFV-113,スリムフィットVネックT-ホワイト,スリムフィットVネックT-ホワイト,,,,,,,,,
prod_manu_0003_SH2253,manu_0003,SH2253,"レギュラーウエイト ハーフジップスウェットシャツ-WHT","レギュラーウエイト ハーフジップスウェットシャツ-WHT",,,,,,,,,
prod_manu_0003_SNB-141,manu_0003,SNB-141,ナローボーダーTシャツ-WHT×SBK,ナローボーダーTシャツ-WHT×SBK,,,,,,,,,
prod_manu_0003_SP2250,manu_0003,SP2250,"レギュラーウエイト スウェットパーカー-WHT-ホワイト","レギュラーウエイト スウェットパーカー-WHT-ホワイト",,,,,,,,,
prod_manu_0003_SP2252,manu_0003,SP2252,"レギュラーウエイト ポケットレスパーカー-WHT-ホワイト","レギュラーウエイト ポケットレスパーカー-WHT-ホワイト",,,,,,,,,
prod_manu_0003_STV-019,manu_0003,STV-019,スタンダードベスト-ホワイト,スタンダードベスト-ホワイト,,,,,,,,,
prod_manu_0003_SVL-115,manu_0003,SVL-115,スリムフィットVネックロングスリーブTシャツ-ヘザーグレー-HGY,スリムフィットVネックロングスリーブTシャツ-ヘザーグレー-HGY,,,,,,,,,
prod_manu_0003_SW2210,manu_0003,SW2210,"レギュラーウエイト スウェットシャツ-WHT-ホワイト","レギュラーウエイト スウェットシャツ-WHT-ホワイト",,,,,,,,,
prod_manu_0003_SZ2251,manu_0003,SZ2251,"レギュラーウエイト スウェットジップパーカー-WHT-ホワイト","レギュラーウエイト スウェットジップパーカー-WHT-ホワイト",,,,,,,,,
prod_manu_0003_SZP-111,manu_0003,SZP-111,ジャージージップパーカー‐DBKディープブラック,ジャージージップパーカー‐DBKディープブラック,,,,,,,,,
prod_manu_0003_TBL-117,manu_0003,TBL-117,トライブレンド七分袖Tシャツ-レディース-HGYヘザーグレー,トライブレンド七分袖Tシャツ-レディース-HGYヘザーグレー,,,,,,,,,
prod_manu_0003_TBL-118,manu_0003,TBL-118,トライブレンド七分袖-HGY-ヘザーグレー,トライブレンド七分袖-HGY-ヘザーグレー,,,,,,,,,
prod_manu_0003_TBL-118B,manu_0003,TBL-118B,トライブレンド七分袖-HGY-ヘザーグレー色ブレ,トライブレンド七分袖-HGY-ヘザーグレー色ブレ,,,,,,,,,
prod_manu_0003_TBV-129,manu_0003,TBV-129,トライブレンドVネックTシャツ-HGY-ヘザーグレー,トライブレンドVネックTシャツ-HGY-ヘザーグレー,,,,,,,,,
prod_manu_0003_TCA-014,manu_0003,TCA-014,BEEエプロン-ブラック,BEEエプロン-ブラック,,,,,,,,,
prod_manu_0003_TCR-112,manu_0003,TCR-112,トライブレンドT-ヘザーグレー,トライブレンドT-ヘザーグレー,,,,,,,,,
prod_manu_0003_TCR-112B,manu_0003,TCR-112B,トライブレンドT-ヘザーグレー,トライブレンドT-ヘザーグレー,,,,,,,,,
prod_manu_0003_TCR-127,manu_0003,TCR-127,トライブレンドウィメンズT-HGY-ヘザーグレー,トライブレンドウィメンズT-HGY-ヘザーグレー,,,,,,,,,
prod_manu_0003_TDT-148,manu_0003,TDT-148,タイダイTシャツ-Mブラック,タイダイTシャツ-Mブラック,,,,,,,,,
prod_manu_0003_TFB-013,manu_0003,TFB-013,フ-ドブレ-カ--イエロ-,フ-ドブレ-カ--イエロ-,,,,,,,,,
prod_manu_0003_TPM-140,manu_0003,TPM-140,タンクトップ-FPK-フロストピンク,タンクトップ-FPK-フロストピンク,,,,,,,,,
prod_manu_0003_TQS-121,manu_0003,TQS-121,トライブレンド七分Tレディース-HGY×HBK,トライブレンド七分Tレディース-HGY×HBK,,,,,,,,,
prod_manu_0003_TQS-121b,manu_0003,TQS-121b,トライブレンド七分Tレディース-HGY×HBK,トライブレンド七分Tレディース-HGY×HBK,,,,,,,,,
prod_manu_0003_TQS-122,manu_0003,TQS-122,トライブレンド七分T-HGY×OML,トライブレンド七分T-HGY×OML,,,,,,,,,
prod_manu_0003_TR-1046,manu_0003,TR-1046,オーガニックコットンキャンバストートS-ナチュラル,オーガニックコットンキャンバストートS-ナチュラル,,,,,,,,,
prod_manu_0003_TR-1047,manu_0003,TR-1047,オーガニックコットンキャンバストートM-ナチュラル,オーガニックコットンキャンバストートM-ナチュラル,,,,,,,,,
prod_manu_0003_TR-1048,manu_0003,TR-1048,オーガニックコットンキャンバストートL-ナチュラル,オーガニックコットンキャンバストートL-ナチュラル,,,,,,,,,
prod_manu_0003_TRP-119,manu_0003,TRP-119,トライブレンドプルパーカー-HGY-ヘザーグレー,トライブレンドプルパーカー-HGY-ヘザーグレー,,,,,,,,,
prod_manu_0003_TRS-700,manu_0003,TRS-700,ベーシックスタイルTシャツ-WHT-ホワイト,ベーシックスタイルTシャツ-WHT-ホワイト,,,,,,,,,
prod_manu_0003_TRT-012,manu_0003,TRT-012,イベントブルゾン-レッド,イベントブルゾン-レッド,,,,,,,,,
prod_manu_0003_TRW-139,manu_0003,TRW-139,トライブレンドクルーネックスウェット-HGY-ヘザーグレー,トライブレンドクルーネックスウェット-HGY-ヘザーグレー,,,,,,,,,
prod_manu_0003_TRZ-120,manu_0003,TRZ-120,トライブレンドジップパーカーHGY-ヘザーグレー,トライブレンドジップパーカーHGY-ヘザーグレー,,,,,,,,,
prod_manu_0003_UCL-951,manu_0003,UCL-951,USAコットンロングスリーブTシャツ-WHT-ホワイト,USAコットンロングスリーブTシャツ-WHT-ホワイト,,,,,,,,,
prod_manu_0003_UCS-950,manu_0003,UCS-950,USAコットンTシャツ-WHT-ホワイト,USAコットンTシャツ-WHT-ホワイト,,,,,,,,,
prod_manu_0003_VSN-267,manu_0003,VSN-267,ベーシックスタイルポロシャツ-ホワイト,ベーシックスタイルポロシャツ-ホワイト,,,,,,,,,
prod_manu_0003_WBT-801,manu_0003,WBT-801,"ウィメンズベーシックTシャツ-WHT ホワイト","ウィメンズベーシックTシャツ-WHT ホワイト",,,,,,,,,
prod_manu_0003_WCC-363,manu_0003,WCC-363,ウォッシュドキャップ-ホワイト,ウォッシュドキャップ-ホワイト,,,,,,,,,
prod_manu_0003_WDN-804,manu_0003,WDN-804,ウィメンズドルマンTシャツ-DBK-ディープブラック,ウィメンズドルマンTシャツ-DBK-ディープブラック,,,,,,,,,
prod_manu_0003_WDO-805,manu_0003,WDO-805,ウィメンズドルマンワンピース-DBK-ディープブラック,ウィメンズドルマンワンピース-DBK-ディープブラック,,,,,,,,,
prod_manu_0003_WNS-807,manu_0003,WNS-807,スリーブレスワイドTシャツ-DBK-ディープブラック,スリーブレスワイドTシャツ-DBK-ディープブラック,,,,,,,,,
prod_manu_0003_WOS-808,manu_0003,WOS-808,ウィメンズノースリーブTシャツ-WHT-ホワイト,ウィメンズノースリーブTシャツ-WHT-ホワイト,,,,,,,,,
